# Blender 4.4.0
# www.blender.org
mtllib obj_Desk.mtl
o obj_Desk
v -0.422267 0.533919 -1.579175
v -0.422267 0.462936 -1.579147
v -0.422267 0.426896 -1.579147
v -0.422267 0.261061 -1.579175
v -0.422267 0.230887 -1.579175
v -0.422267 -0.495707 -1.579175
v -0.422267 0.533919 -1.149890
v -0.422267 0.462936 -1.149890
v -0.422267 0.426896 -1.149890
v -0.422267 0.261061 -1.149890
v -0.422267 -0.495707 -1.149890
v -0.384156 -0.579879 -1.579175
v -0.384156 0.533919 -1.579175
v -0.384156 0.533919 -1.624390
v -0.384156 0.462936 -1.624390
v -0.384157 0.462936 -1.579147
v -0.384157 0.426896 -1.579147
v -0.384156 0.426896 -1.624390
v -0.384156 0.261061 -1.624390
v -0.384156 0.261061 -1.579175
v -0.384156 0.230887 -1.579175
v -0.384156 0.230887 -1.624390
v -0.384156 -0.495707 -1.624390
v -0.384157 -0.579879 -1.149890
v -0.384157 0.533919 -1.104675
v -0.384157 0.462936 -1.104675
v -0.384157 0.426896 -1.104675
v -0.384157 0.261061 -1.104675
v -0.384157 0.230887 -1.104675
v -0.384157 -0.495707 -1.104675
v 0.392064 0.533919 -1.149890
v 0.392064 -0.579879 -1.149890
v 0.392064 0.533919 -1.104675
v 0.392064 0.462936 -1.104675
v 0.392064 0.426896 -1.104675
v 0.392064 0.261061 -1.104675
v 0.392064 0.230887 -1.104675
v 0.392064 -0.495707 -1.104675
v 0.392064 -0.579879 -1.579175
v 0.392064 0.533919 -1.624390
v 0.392064 0.462936 -1.624390
v 0.392064 0.426896 -1.624390
v 0.392064 0.261061 -1.624390
v 0.392064 0.230887 -1.624390
v 0.392064 -0.495707 -1.624390
v 0.392064 0.533919 -1.579175
v 0.392064 0.462936 -1.579147
v 0.392064 0.426896 -1.579147
v 0.392064 0.261061 -1.579175
v 0.392064 0.230887 -1.579175
v 0.392064 -0.495707 -1.579175
v -0.422267 -0.576913 0.022494
v -0.420155 -0.579879 0.022494
v -0.420155 -0.576913 0.022607
v -0.421648 -0.579010 0.022494
v -0.421374 -0.578625 0.022560
v -0.420155 -0.579010 0.022574
v -0.421648 -0.576913 0.022574
v -0.420155 0.590277 0.022607
v -0.420155 0.593243 0.022494
v -0.422267 0.590277 0.022494
v -0.420155 0.592374 0.022574
v -0.421374 0.591989 0.022560
v -0.421648 0.592374 0.022494
v -0.421648 0.590277 0.022574
v -0.420155 -0.579879 -0.022494
v -0.422267 -0.576913 -0.022494
v -0.420155 -0.576913 -0.022607
v -0.421648 -0.579010 -0.022494
v -0.421374 -0.578625 -0.022560
v -0.421648 -0.576913 -0.022574
v -0.420155 -0.579010 -0.022574
v -0.422267 0.590277 -0.022494
v -0.420155 0.593243 -0.022494
v -0.420155 0.590277 -0.022607
v -0.421648 0.592374 -0.022494
v -0.421374 0.591989 -0.022560
v -0.420155 0.592374 -0.022574
v -0.421648 0.590277 -0.022574
v 0.420155 -0.579879 0.022494
v 0.422267 -0.576913 0.022494
v 0.420155 -0.576913 0.022607
v 0.421648 -0.579010 0.022494
v 0.421374 -0.578625 0.022560
v 0.421648 -0.576913 0.022574
v 0.420155 -0.579010 0.022574
v 0.422267 0.590277 0.022494
v 0.420155 0.593243 0.022494
v 0.420155 0.590277 0.022607
v 0.421648 0.592374 0.022494
v 0.421374 0.591989 0.022560
v 0.420155 0.592374 0.022574
v 0.421648 0.590277 0.022574
v 0.420155 -0.579879 -0.022494
v 0.420155 -0.576913 -0.022607
v 0.422267 -0.576913 -0.022494
v 0.420155 -0.579010 -0.022574
v 0.421374 -0.578625 -0.022560
v 0.421648 -0.576913 -0.022574
v 0.421648 -0.579010 -0.022494
v 0.420155 0.590277 -0.022607
v 0.420155 0.593243 -0.022494
v 0.422267 0.590277 -0.022494
v 0.420155 0.592374 -0.022574
v 0.421374 0.591989 -0.022560
v 0.421648 0.592374 -0.022494
v 0.421648 0.590277 -0.022574
v -0.422267 0.533919 0.022494
v -0.420155 0.533919 0.022607
v -0.421648 0.533919 0.022574
v -0.420155 0.533919 -0.022607
v -0.422267 0.533919 -0.022494
v -0.421648 0.533919 -0.022574
v 0.422267 0.533919 -0.022494
v 0.420155 0.533919 -0.022607
v 0.421648 0.533919 -0.022574
v 0.420155 0.533919 0.022607
v 0.422267 0.533919 0.022494
v 0.421648 0.533919 0.022574
v -0.422267 -0.495707 -0.022494
v -0.420155 -0.495707 -0.022607
v -0.421648 -0.495707 -0.022574
v 0.420155 -0.495707 -0.022607
v 0.422267 -0.495707 -0.022494
v 0.421648 -0.495707 -0.022574
v 0.422267 -0.495707 0.022494
v 0.420155 -0.495707 0.022607
v 0.421648 -0.495707 0.022574
v -0.422267 -0.495707 0.022494
v -0.420155 -0.495707 0.022607
v -0.421648 -0.495707 0.022574
v -0.420155 -0.579879 -1.579175
v -0.422267 -0.576913 -1.579175
v -0.421648 -0.579010 -1.579175
v -0.422267 0.590277 -1.579175
v -0.420155 0.593243 -1.579175
v -0.421648 0.592374 -1.579175
v -0.420155 -0.579879 -1.624277
v -0.422267 -0.576913 -1.624277
v -0.420155 -0.576913 -1.624390
v -0.421648 -0.579010 -1.624277
v -0.421374 -0.578625 -1.624342
v -0.421648 -0.576913 -1.624357
v -0.420155 -0.579010 -1.624357
v -0.420155 0.593243 -1.624277
v -0.420155 0.590277 -1.624390
v -0.422267 0.590277 -1.624277
v -0.420155 0.592374 -1.624357
v -0.421374 0.591989 -1.624342
v -0.421648 0.590277 -1.624357
v -0.421648 0.592374 -1.624277
v 0.422267 -0.576913 -1.579175
v 0.420155 -0.579879 -1.579175
v 0.421648 -0.579010 -1.579175
v 0.420155 0.593243 -1.579288
v 0.420155 0.590277 -1.579175
v 0.422267 0.590277 -1.579288
v 0.420155 0.592374 -1.579208
v 0.421374 0.591989 -1.579222
v 0.421648 0.590277 -1.579208
v 0.421648 0.592374 -1.579288
v 0.420155 -0.576913 -1.624390
v 0.422267 -0.576913 -1.624277
v 0.420155 -0.579879 -1.624277
v 0.421648 -0.576913 -1.624357
v 0.421374 -0.578625 -1.624342
v 0.421648 -0.579010 -1.624277
v 0.420155 -0.579010 -1.624357
v 0.420155 0.590277 -1.624390
v 0.420155 0.593243 -1.624277
v 0.422267 0.590277 -1.624277
v 0.420155 0.592374 -1.624357
v 0.421374 0.591989 -1.624342
v 0.421648 0.592374 -1.624277
v 0.421648 0.590277 -1.624357
v -0.420155 0.533919 -1.624390
v -0.422267 0.533919 -1.624277
v -0.421648 0.533919 -1.624357
v 0.422267 0.533919 -1.624277
v 0.420155 0.533919 -1.624390
v 0.421648 0.533919 -1.624357
v 0.420155 0.533919 -1.579175
v 0.422267 0.533919 -1.579288
v 0.421648 0.533919 -1.579208
v -0.420155 0.462936 -1.624390
v -0.422267 0.462936 -1.624277
v -0.421648 0.462936 -1.624357
v 0.422267 0.462936 -1.624277
v 0.420155 0.462936 -1.624390
v 0.421648 0.462936 -1.624357
v 0.420155 0.462936 -1.579147
v 0.422267 0.459970 -1.579259
v 0.421648 0.462066 -1.579180
v -0.420155 0.426896 -1.624390
v -0.422267 0.426896 -1.624277
v -0.421648 0.426896 -1.624357
v 0.422267 0.426896 -1.624277
v 0.420155 0.426896 -1.624390
v 0.421648 0.426896 -1.624357
v 0.422267 0.429862 -1.579259
v 0.420155 0.426896 -1.579147
v 0.421648 0.427766 -1.579180
v -0.420155 0.261061 -1.624390
v -0.422267 0.261061 -1.624277
v -0.421648 0.261061 -1.624357
v 0.422267 0.261061 -1.624277
v 0.420155 0.261061 -1.624390
v 0.421648 0.261061 -1.624357
v 0.420155 0.261061 -1.579175
v 0.422267 0.258094 -1.579288
v 0.421648 0.260193 -1.579208
v -0.420155 0.230887 -1.624390
v -0.422267 0.230887 -1.624277
v -0.421648 0.230887 -1.624357
v 0.422267 0.230887 -1.624277
v 0.420155 0.230887 -1.624390
v 0.421648 0.230887 -1.624357
v 0.422267 0.233853 -1.579288
v 0.420155 0.230887 -1.579175
v 0.421648 0.231754 -1.579208
v -0.422267 -0.495707 -1.624277
v -0.420155 -0.495707 -1.624390
v -0.421648 -0.495707 -1.624357
v 0.420155 -0.495707 -1.624390
v 0.422267 -0.495707 -1.624277
v 0.421648 -0.495707 -1.624357
v 0.420155 -0.495707 -1.579175
v 0.422267 -0.498674 -1.579288
v 0.421648 -0.496574 -1.579208
v -0.420155 -0.579879 -1.104788
v -0.420155 -0.576913 -1.104675
v -0.422267 -0.576913 -1.104788
v -0.420155 -0.579010 -1.104708
v -0.421374 -0.578625 -1.104723
v -0.421648 -0.576913 -1.104708
v -0.421648 -0.579010 -1.104788
v -0.420155 0.590277 -1.104675
v -0.420155 0.593243 -1.104788
v -0.422267 0.590277 -1.104788
v -0.420155 0.592374 -1.104708
v -0.421374 0.591989 -1.104723
v -0.421648 0.592374 -1.104788
v -0.421648 0.590277 -1.104708
v -0.422267 -0.576913 -1.149890
v -0.420155 -0.579879 -1.149890
v -0.421648 -0.579010 -1.149890
v -0.420155 0.593243 -1.149890
v -0.422267 0.590277 -1.149890
v -0.421648 0.592374 -1.149890
v 0.420155 -0.579879 -1.104788
v 0.422267 -0.576913 -1.104788
v 0.420155 -0.576913 -1.104675
v 0.421648 -0.579010 -1.104788
v 0.421374 -0.578625 -1.104723
v 0.421648 -0.576913 -1.104708
v 0.420155 -0.579010 -1.104708
v 0.420155 0.593243 -1.104788
v 0.420155 0.590277 -1.104675
v 0.422267 0.590277 -1.104788
v 0.420155 0.592374 -1.104708
v 0.421374 0.591989 -1.104723
v 0.421648 0.590277 -1.104708
v 0.421648 0.592374 -1.104788
v 0.420155 -0.579879 -1.149890
v 0.422267 -0.576913 -1.149890
v 0.421648 -0.579010 -1.149890
v 0.420155 0.590277 -1.149890
v 0.420155 0.593243 -1.149777
v 0.422267 0.590277 -1.149777
v 0.420155 0.592374 -1.149857
v 0.421374 0.591989 -1.149843
v 0.421648 0.592374 -1.149777
v 0.421648 0.590277 -1.149857
v -0.422267 0.533919 -1.104788
v -0.420155 0.533919 -1.104675
v -0.421648 0.533919 -1.104709
v 0.422267 0.533919 -1.149777
v 0.420155 0.533919 -1.149890
v 0.421648 0.533919 -1.149857
v 0.420155 0.533919 -1.104675
v 0.422267 0.533919 -1.104788
v 0.421648 0.533919 -1.104709
v 0.422267 0.459970 -1.149777
v 0.420155 0.462936 -1.150003
v 0.420155 0.465903 -1.149890
v 0.421648 0.462068 -1.149890
v 0.421374 0.462936 -1.149890
v 0.420155 0.463805 -1.149924
v 0.421648 0.462935 -1.149857
v 0.420155 0.462936 -1.104675
v 0.422267 0.462936 -1.104788
v 0.421648 0.462936 -1.104709
v -0.422267 0.462936 -1.104788
v -0.420155 0.462936 -1.104675
v -0.421648 0.462936 -1.104709
v 0.420155 0.426896 -1.150003
v 0.422267 0.429862 -1.149777
v 0.420155 0.423930 -1.149890
v 0.421648 0.427765 -1.149890
v 0.421374 0.426896 -1.149890
v 0.421648 0.426898 -1.149857
v 0.420155 0.426027 -1.149924
v 0.420155 0.426896 -1.104675
v 0.422267 0.426896 -1.104788
v 0.421648 0.426896 -1.104709
v -0.422267 0.426896 -1.104788
v -0.420155 0.426896 -1.104675
v -0.421648 0.426896 -1.104709
v 0.422267 0.258094 -1.149777
v 0.420155 0.261061 -1.150003
v 0.420155 0.264027 -1.149890
v 0.421648 0.260192 -1.149890
v 0.421374 0.261060 -1.149890
v 0.420155 0.261929 -1.149924
v 0.421648 0.261059 -1.149857
v 0.420155 0.261061 -1.104675
v 0.422267 0.261061 -1.104788
v 0.421648 0.261061 -1.104709
v -0.422267 0.261061 -1.104788
v -0.420155 0.261061 -1.104675
v -0.421648 0.261061 -1.104709
v -0.422267 0.230887 -1.150003
v -0.422267 0.227921 -1.149890
v -0.422267 0.230887 -1.149777
v -0.422267 0.233853 -1.149890
v -0.422267 0.230018 -1.149924
v 0.420155 0.230887 -1.150003
v 0.422267 0.233853 -1.149777
v 0.420155 0.227921 -1.149890
v 0.421648 0.231756 -1.149890
v 0.421374 0.230887 -1.149890
v 0.421648 0.230889 -1.149857
v 0.420155 0.230018 -1.149924
v 0.420155 0.230887 -1.104675
v 0.422267 0.230887 -1.104788
v 0.421648 0.230887 -1.104709
v -0.422267 0.230887 -1.104788
v -0.420155 0.230887 -1.104675
v -0.421648 0.230887 -1.104709
v 0.422267 -0.498674 -1.149777
v 0.420155 -0.495707 -1.150003
v 0.420155 -0.492741 -1.149890
v 0.421648 -0.496576 -1.149890
v 0.421374 -0.495708 -1.149890
v 0.420155 -0.494839 -1.149924
v 0.421648 -0.495709 -1.149857
v 0.422267 -0.495707 -1.104788
v 0.420155 -0.495707 -1.104675
v 0.421648 -0.495707 -1.104709
v -0.422267 -0.495707 -1.104788
v -0.420155 -0.495707 -1.104675
v -0.421648 -0.495707 -1.104709
v -0.420155 0.649451 0.081818
v -0.420155 0.652417 0.081705
v -0.422267 0.649451 0.081705
v -0.420155 0.651548 0.081785
v -0.421374 0.651163 0.081770
v -0.421648 0.651548 0.081705
v -0.421648 0.649451 0.081785
v -0.422267 0.649451 -1.674241
v -0.420155 0.652417 -1.674241
v -0.420155 0.649451 -1.674354
v -0.421648 0.651548 -1.674241
v -0.421374 0.651163 -1.674307
v -0.420155 0.651548 -1.674321
v -0.421648 0.649451 -1.674321
v 0.422267 0.649451 0.081705
v 0.420155 0.652417 0.081705
v 0.420155 0.649451 0.081818
v 0.421648 0.651548 0.081705
v 0.421374 0.651163 0.081770
v 0.420155 0.651548 0.081785
v 0.421648 0.649451 0.081785
v 0.420155 0.649451 -1.674354
v 0.420155 0.652417 -1.674241
v 0.422267 0.649451 -1.674241
v 0.420155 0.651548 -1.674321
v 0.421374 0.651163 -1.674307
v 0.421648 0.651548 -1.674241
v 0.421648 0.649451 -1.674321
v -0.422267 0.596059 0.081705
v -0.420155 0.593093 0.081705
v -0.420155 0.596059 0.081818
v -0.421648 0.593962 0.081705
v -0.421374 0.594346 0.081770
v -0.420155 0.593962 0.081785
v -0.421648 0.596059 0.081785
v -0.422267 0.596059 -1.674241
v -0.420155 0.596059 -1.674354
v -0.420155 0.593093 -1.674241
v -0.421648 0.596059 -1.674321
v -0.421374 0.594346 -1.674307
v -0.420155 0.593962 -1.674321
v -0.421648 0.593962 -1.674241
v 0.420155 0.596059 -1.674354
v 0.422267 0.596059 -1.674241
v 0.420155 0.593093 -1.674241
v 0.421648 0.596059 -1.674321
v 0.421374 0.594346 -1.674307
v 0.421648 0.593962 -1.674241
v 0.420155 0.593962 -1.674321
v 0.422267 0.596059 0.081705
v 0.420155 0.596059 0.081818
v 0.420155 0.593093 0.081705
v 0.421648 0.596059 0.081785
v 0.421374 0.594346 0.081770
v 0.420155 0.593962 0.081785
v 0.421648 0.593962 0.081705
v -0.384156 -0.576913 -1.624390
v -0.384156 -0.579879 -1.624277
v -0.384156 -0.579010 -1.624357
v -0.384156 0.593243 -1.624277
v -0.384156 0.590277 -1.624390
v -0.384156 0.592374 -1.624357
v -0.386268 0.593243 -1.579288
v -0.384156 0.590277 -1.579175
v -0.384774 0.592374 -1.579208
v -0.384156 -0.495707 -1.579175
v -0.384156 -0.495707 -1.579175
v -0.386268 -0.495707 -1.579175
v -0.384156 -0.498674 -1.579175
v -0.384156 -0.495707 -1.579175
v -0.384157 0.590277 -1.150003
v -0.386269 0.593243 -1.149777
v -0.382046 0.590277 -1.149890
v -0.384776 0.592374 -1.149890
v -0.384157 0.591989 -1.149890
v -0.384158 0.592374 -1.149857
v -0.383539 0.590277 -1.149924
v -0.384157 -0.579879 -1.104788
v -0.384157 -0.576913 -1.104675
v -0.384157 -0.579010 -1.104709
v -0.384157 0.590277 -1.104675
v -0.384157 0.593243 -1.104788
v -0.384157 0.592374 -1.104709
v -0.384157 0.533919 -1.150003
v -0.382046 0.533919 -1.149890
v -0.383539 0.533919 -1.149924
v -0.384157 0.462936 -1.149947
v -0.382046 0.465903 -1.149890
v -0.383539 0.463805 -1.149907
v -0.382046 0.423930 -1.149890
v -0.384157 0.426896 -1.149947
v -0.383539 0.426027 -1.149907
v -0.384157 0.261061 -1.149947
v -0.382046 0.264027 -1.149890
v -0.383539 0.261929 -1.149907
v -0.384157 0.230887 -1.150003
v -0.384157 0.227921 -1.149890
v -0.384157 0.230018 -1.149924
v -0.382046 -0.495707 -1.150003
v -0.384157 -0.494224 -1.149890
v -0.383538 -0.495273 -1.149923
v 0.392064 0.590277 -1.149890
v 0.392064 0.593243 -1.149777
v 0.392064 0.592374 -1.149857
v 0.392064 -0.576913 -1.104675
v 0.392064 -0.579879 -1.104788
v 0.392064 -0.579010 -1.104709
v 0.392064 0.462936 -1.150003
v 0.392064 0.465903 -1.149890
v 0.392064 0.463805 -1.149924
v 0.392064 0.423930 -1.149890
v 0.392064 0.426896 -1.150003
v 0.392064 0.426027 -1.149924
v 0.392064 0.261061 -1.150003
v 0.392064 0.264027 -1.149890
v 0.392064 0.261929 -1.149924
v 0.392064 0.227921 -1.149890
v 0.392064 0.230887 -1.150003
v 0.392064 0.230018 -1.149924
v 0.392064 -0.495707 -1.150003
v 0.392064 -0.492741 -1.149890
v 0.392064 -0.494839 -1.149924
v 0.392064 0.590277 -1.104675
v 0.392064 0.593243 -1.104788
v 0.392064 0.592374 -1.104709
v 0.392064 0.590277 -1.624390
v 0.392064 0.593243 -1.624277
v 0.392064 0.592374 -1.624357
v 0.392064 -0.576913 -1.624390
v 0.392064 -0.579879 -1.624277
v 0.392064 -0.579010 -1.624357
v 0.392064 0.590277 -1.579175
v 0.392064 0.593243 -1.579288
v 0.392064 0.592374 -1.579208
v -0.386332 -0.295476 -0.022447
v -0.384220 -0.295476 -0.022560
v -0.386332 -0.292509 -0.022560
v -0.384839 -0.295476 -0.022480
v -0.385113 -0.293763 -0.022495
v -0.384839 -0.293378 -0.022560
v -0.386332 -0.293378 -0.022480
v -0.386332 -0.292509 -1.104435
v -0.384220 -0.295476 -1.104435
v -0.386332 -0.295476 -1.104548
v -0.384839 -0.293378 -1.104435
v -0.385113 -0.293763 -1.104500
v -0.384839 -0.295476 -1.104515
v -0.386332 -0.293378 -1.104515
v -0.386332 -0.478820 -0.022560
v -0.384220 -0.475854 -0.022560
v -0.386332 -0.475854 -0.022447
v -0.384839 -0.477951 -0.022560
v -0.385113 -0.477567 -0.022495
v -0.384839 -0.475854 -0.022480
v -0.386332 -0.477951 -0.022480
v -0.386332 -0.475854 -1.104548
v -0.384220 -0.475854 -1.104435
v -0.386332 -0.478820 -1.104435
v -0.384839 -0.475854 -1.104515
v -0.385113 -0.477567 -1.104500
v -0.384839 -0.477951 -1.104435
v -0.386332 -0.477951 -1.104515
v -0.420121 -0.292509 -0.022560
v -0.422233 -0.295476 -0.022560
v -0.420121 -0.295476 -0.022447
v -0.421614 -0.293378 -0.022560
v -0.421340 -0.293763 -0.022495
v -0.421614 -0.295476 -0.022480
v -0.420121 -0.293378 -0.022480
v -0.420121 -0.292509 -1.104435
v -0.420121 -0.295476 -1.104548
v -0.422233 -0.295476 -1.104435
v -0.420121 -0.293378 -1.104515
v -0.421340 -0.293763 -1.104500
v -0.421614 -0.295476 -1.104515
v -0.421614 -0.293378 -1.104435
v -0.420121 -0.475854 -1.104548
v -0.420121 -0.478820 -1.104435
v -0.422233 -0.475854 -1.104435
v -0.420121 -0.477951 -1.104515
v -0.421340 -0.477567 -1.104500
v -0.421614 -0.477951 -1.104435
v -0.421614 -0.475854 -1.104515
v -0.420121 -0.478820 -0.022560
v -0.420121 -0.475854 -0.022447
v -0.422233 -0.475854 -0.022560
v -0.420121 -0.477951 -0.022480
v -0.421340 -0.477567 -0.022495
v -0.421614 -0.475854 -0.022480
v -0.421614 -0.477951 -0.022560
vn -0.0000 1.0000 -0.0000
vn 1.0000 -0.0000 -0.0000
vn -0.0000 -0.0000 1.0000
vn -1.0000 -0.0000 -0.0000
vn -0.0000 -0.0000 -1.0000
vn -0.0000 -1.0000 -0.0000
vn -0.0000 0.0004 1.0000
vn 0.0034 -0.0000 1.0000
vn -0.0000 -0.0002 1.0000
vn 0.0018 -0.0000 1.0000
vn -0.0000 0.0009 1.0000
vn -0.1446 -0.0377 0.9888
vn -0.0532 -0.1034 0.9932
vn -0.0196 -0.0139 0.9997
vn -0.0196 0.0139 0.9997
vn -0.0532 0.1034 0.9932
vn -0.1446 0.0377 0.9888
vn -0.0532 -0.1034 -0.9932
vn -0.1446 -0.0377 -0.9888
vn -0.0196 -0.0139 -0.9997
vn -0.1446 0.0377 -0.9888
vn -0.0532 0.1034 -0.9932
vn -0.0196 0.0139 -0.9997
vn 0.0532 -0.1034 0.9932
vn 0.1446 -0.0377 0.9888
vn 0.0196 -0.0139 0.9997
vn 0.1446 0.0377 0.9888
vn 0.0532 0.1034 0.9932
vn 0.0196 0.0139 0.9997
vn 0.0532 -0.1034 -0.9932
vn 0.0196 -0.0139 -0.9997
vn 0.1446 -0.0377 -0.9888
vn 0.0196 0.0139 -0.9997
vn 0.0532 0.1034 -0.9932
vn 0.1446 0.0377 -0.9888
vn -0.0531 -0.1031 -0.9932
vn -0.1445 -0.0377 -0.9888
vn -0.0196 -0.0140 -0.9997
vn -0.0531 0.1032 -0.9932
vn -0.0196 0.0140 -0.9997
vn -0.1445 0.0377 -0.9888
vn 0.0531 0.1033 0.9932
vn 0.0196 0.0140 0.9997
vn 0.1445 0.0377 0.9888
vn 0.0196 -0.0140 -0.9997
vn 0.1445 -0.0377 -0.9888
vn 0.0531 -0.1032 -0.9932
vn 0.0196 0.0140 -0.9997
vn 0.0531 0.1031 -0.9932
vn 0.1445 0.0377 -0.9888
vn -0.1447 -0.0377 0.9888
vn -0.1447 0.0377 0.9888
vn 0.1447 -0.0377 0.9888
vn 0.1447 0.0377 0.9888
vn 0.0532 0.1036 -0.9932
vn 0.1447 0.0376 -0.9888
vn 0.2460 0.0370 -0.9686
vn 0.0922 0.0603 -0.9939
vn 0.0584 0.0239 -0.9980
vn 0.0922 -0.0602 -0.9939
vn 0.2460 -0.0370 -0.9686
vn 0.0584 -0.0239 -0.9980
vn 0.2463 0.0371 -0.9685
vn 0.0585 0.0239 -0.9980
vn 0.0922 -0.0604 -0.9939
vn -0.0531 0.1033 -0.9932
vn 0.0531 0.1033 -0.9932
vn -0.0531 -0.1033 -0.9932
vn 0.0531 -0.1033 -0.9932
vn 0.0847 0.0657 -0.9942
vn 0.0529 0.1774 -0.9827
vn 0.0337 0.0415 -0.9986
vn 0.1447 -0.0376 -0.9888
vn -0.0532 0.1036 -0.9932
vn -0.1447 0.0376 -0.9888
vn -0.0532 -0.1036 -0.9932
vn -0.1447 -0.0376 -0.9888
vn -0.5030 -0.8643 -0.0000
vn -0.9592 -0.2828 -0.0000
vn -0.0222 -0.0000 0.9998
vn -0.1282 -0.0000 0.9918
vn -0.5030 0.8643 -0.0000
vn -0.9592 0.2828 -0.0000
vn -0.0222 -0.0000 -0.9998
vn -0.1282 -0.0000 -0.9918
vn -0.0000 -0.0916 -0.9958
vn -0.0000 -0.0158 -0.9999
vn -0.0000 0.0916 -0.9958
vn -0.0000 0.0158 -0.9999
vn 0.1282 -0.0000 -0.9918
vn 0.0222 -0.0000 -0.9998
vn 0.5030 -0.8643 -0.0000
vn 0.9592 -0.2828 -0.0000
vn 0.5030 0.8643 -0.0000
vn 0.9592 0.2828 -0.0000
vn 0.0222 -0.0000 0.9998
vn 0.1282 -0.0000 0.9918
vn -0.0000 -0.0916 0.9958
vn -0.0000 -0.0158 0.9999
vn -0.0000 0.0916 0.9958
vn -0.0000 0.0158 0.9999
vn -0.0221 -0.0000 -0.9998
vn -0.1282 -0.0000 -0.9917
vn -0.0000 -0.0917 -0.9958
vn -0.0000 -0.0157 -0.9999
vn -0.0000 0.0918 -0.9958
vn 0.1282 -0.0000 -0.9917
vn 0.0221 -0.0000 -0.9998
vn 0.0221 -0.0000 0.9998
vn 0.1282 -0.0000 0.9917
vn -0.1283 -0.0000 -0.9917
vn 0.1283 -0.0000 -0.9917
vn 0.0221 0.0004 0.9998
vn 0.1282 0.0004 0.9918
vn 0.0222 -0.0002 0.9998
vn 0.1281 -0.0002 0.9918
vn 0.1284 -0.0000 0.9917
vn -0.1281 -0.0000 0.9918
vn 0.1281 -0.0000 0.9918
vn 0.1281 -0.0000 -0.9918
vn -0.0000 0.0915 -0.9958
vn 0.1280 -0.0000 -0.9918
vn 0.0223 -0.0000 -0.9998
vn -0.0000 -0.0915 -0.9958
vn -0.1282 -0.0000 0.9917
vn -0.1281 -0.0000 -0.9918
vn -0.0000 0.0917 -0.9958
vn -0.0000 0.0157 -0.9999
vn -0.0000 0.0919 0.9958
vn -0.0000 0.0157 0.9999
vn -0.0000 0.0915 0.9958
vn 0.0111 -0.0000 -0.9999
vn 0.0646 -0.0000 -0.9979
vn 0.0167 -0.0001 -0.9999
vn 0.0968 -0.0005 -0.9953
vn -0.0000 0.0159 -0.9999
vn -0.0000 -0.0915 0.9958
vn -0.0000 0.0118 -0.9999
vn -0.0000 0.0689 -0.9976
vn -0.0000 -0.0689 -0.9976
vn -0.0000 -0.0118 -0.9999
vn -0.0000 0.0211 -0.9998
vn -0.0000 0.1217 -0.9926
vn 0.5033 -0.8641 -0.0000
vn 0.9592 -0.2829 -0.0000
vn 0.5033 0.8641 -0.0000
vn 0.9592 0.2829 -0.0000
vn 0.5028 0.8644 -0.0000
vn 0.5026 -0.8645 -0.0000
vn 0.9592 -0.2827 -0.0000
vn 0.2794 0.9602 -0.0014
vn 0.8611 0.5085 -0.0018
vn 0.5026 0.8645 -0.0000
vn 0.9592 0.2827 -0.0000
vn 0.9593 0.2825 -0.0000
vt 0.208030 0.277771
vt 0.208030 0.303302
vt 0.182499 0.303302
vt 0.182499 0.277771
vt 0.175511 0.737166
vt 0.175511 0.753684
vt 0.150911 0.753684
vt 0.150911 0.737166
vt 0.202048 0.924756
vt 0.072382 0.924756
vt 0.072382 0.762683
vt 0.202048 0.762683
vt 0.183718 0.332333
vt 0.182499 0.332333
vt 0.182499 0.306802
vt 0.183718 0.306802
vt 0.202048 0.749901
vt 0.072382 0.749901
vt 0.205985 0.306802
vt 0.205985 0.332333
vt 0.085343 0.296560
vt 0.084249 0.296560
vt 0.084249 0.270964
vt 0.085343 0.270964
vt 0.175511 0.963114
vt 0.150911 0.963114
vt 0.208030 0.248740
vt 0.208030 0.274272
vt 0.182499 0.274272
vt 0.182499 0.248740
vt 0.072382 0.933627
vt 0.202048 0.933627
vt 0.175511 0.974577
vt 0.150911 0.974577
vt 0.060905 0.594869
vt 0.059812 0.594869
vt 0.059812 0.569274
vt 0.060841 0.569338
vt 0.091597 0.027361
vt 0.090061 0.027345
vt 0.090061 0.001750
vt 0.091597 0.001750
vt 0.183718 0.477488
vt 0.182499 0.477488
vt 0.182499 0.476635
vt 0.183718 0.476635
vt 0.088843 0.027345
vt 0.088843 0.001750
vt 0.059812 0.027345
vt 0.060665 0.027345
vt 0.060665 0.270964
vt 0.059812 0.270964
vt 0.059812 0.325655
vt 0.060841 0.325590
vt 0.060841 0.569338
vt 0.185253 0.453051
vt 0.183718 0.453051
vt 0.183718 0.451893
vt 0.185253 0.451893
vt 0.197713 0.913583
vt 0.197713 0.924756
vt 0.202048 0.924756
vt 0.202048 0.913583
vt 0.185253 0.477488
vt 0.183718 0.477488
vt 0.185253 0.476635
vt 0.072382 0.913583
vt 0.077937 0.924756
vt 0.077937 0.913583
vt 0.072382 0.907909
vt 0.072382 0.913583
vt 0.077937 0.907909
vt 0.186333 0.928755
vt 0.186333 0.935612
vt 0.177768 0.935048
vt 0.177768 0.929319
vt 0.186032 0.477488
vt 0.186014 0.477533
vt 0.185968 0.477552
vt 0.185317 0.477552
vt 0.185272 0.477533
vt 0.185253 0.477488
vt 0.186032 0.476635
vt 0.186032 0.453051
vt 0.186032 0.451893
vt 0.189619 0.453051
vt 0.189619 0.451893
vt 0.197713 0.881805
vt 0.197713 0.907909
vt 0.202048 0.907909
vt 0.202048 0.881805
vt 0.189619 0.477488
vt 0.186032 0.477488
vt 0.189619 0.476635
vt 0.072382 0.881805
vt 0.072382 0.907909
vt 0.077937 0.881805
vt 0.072382 0.877056
vt 0.072382 0.881805
vt 0.077937 0.877056
vt 0.186333 0.891461
vt 0.186333 0.897202
vt 0.177773 0.896638
vt 0.177773 0.892026
vt 0.190271 0.477488
vt 0.190253 0.477533
vt 0.190207 0.477552
vt 0.189683 0.477552
vt 0.189638 0.477533
vt 0.189619 0.477488
vt 0.190271 0.476635
vt 0.190271 0.453051
vt 0.190271 0.451893
vt 0.133491 0.742625
vt 0.133523 0.986244
vt 0.117809 0.986244
vt 0.117809 0.742690
vt 0.117828 0.742644
vt 0.117874 0.742625
vt 0.197713 0.762683
vt 0.197713 0.877056
vt 0.202048 0.877056
vt 0.202048 0.762683
vt 0.176404 0.802814
vt 0.176404 0.894268
vt 0.172869 0.894268
vt 0.172869 0.802814
vt 0.072382 0.762683
vt 0.072382 0.877056
vt 0.077937 0.762683
vt 0.084249 0.027345
vt 0.085343 0.027345
vt 0.085343 0.270964
vt 0.197713 0.933627
vt 0.202048 0.933627
vt 0.207805 0.477488
vt 0.207787 0.477533
vt 0.207741 0.477552
vt 0.206049 0.477552
vt 0.206004 0.477533
vt 0.205985 0.477488
vt 0.205985 0.476635
vt 0.207805 0.476635
vt 0.114085 0.270964
vt 0.112329 0.270964
vt 0.112329 0.027345
vt 0.114085 0.027345
vt 0.060841 0.325591
vt 0.059812 0.300059
vt 0.060905 0.300059
vt 0.091597 0.296560
vt 0.090061 0.296560
vt 0.090061 0.270964
vt 0.091597 0.270964
vt 0.197713 0.933627
vt 0.088843 0.296560
vt 0.088843 0.270964
vt 0.085343 0.325590
vt 0.084489 0.325591
vt 0.084489 0.300059
vt 0.085343 0.300059
vt 0.096075 0.737767
vt 0.096053 0.752653
vt 0.087494 0.753217
vt 0.087494 0.737767
vt 0.096053 0.935048
vt 0.096053 0.949117
vt 0.087494 0.949117
vt 0.087494 0.935612
vt 0.185189 0.567776
vt 0.183718 0.567776
vt 0.183718 0.566923
vt 0.185189 0.566923
vt 0.077937 0.913583
vt 0.077937 0.924756
vt 0.096053 0.896638
vt 0.096053 0.929319
vt 0.087494 0.928755
vt 0.087494 0.897202
vt 0.175477 0.619182
vt 0.179063 0.619182
vt 0.179063 0.862769
vt 0.175477 0.862753
vt 0.092376 0.296560
vt 0.092376 0.270964
vt 0.096053 0.892026
vt 0.096053 0.896638
vt 0.087494 0.891461
vt 0.185957 0.539903
vt 0.182499 0.539903
vt 0.182499 0.539050
vt 0.185957 0.539050
vt 0.077937 0.881805
vt 0.077937 0.907909
vt 0.096615 0.270900
vt 0.096551 0.270964
vt 0.095962 0.270964
vt 0.095962 0.027345
vt 0.096615 0.027345
vt 0.072169 0.978074
vt 0.067398 0.978074
vt 0.067398 0.893557
vt 0.072169 0.893557
vt 0.202048 0.877056
vt 0.096615 0.296560
vt 0.095962 0.296560
vt 0.096615 0.271028
vt 0.081035 0.719095
vt 0.097191 0.719095
vt 0.097191 0.973364
vt 0.081035 0.973364
vt 0.172869 0.803187
vt 0.172869 0.893894
vt 0.176404 0.893894
vt 0.176404 0.803187
vt 0.198149 0.535614
vt 0.182499 0.535614
vt 0.182499 0.534456
vt 0.198116 0.534456
vt 0.077937 0.749901
vt 0.077937 0.762683
vt 0.072382 0.749901
vt 0.060665 0.296560
vt 0.059812 0.296560
vt 0.202048 0.749901
vt 0.197713 0.749901
vt 0.077937 0.933627
vt 0.072382 0.933627
vt 0.072382 0.924756
vt 0.201011 0.991878
vt 0.071746 0.991878
vt 0.071746 0.721760
vt 0.201011 0.721760
vt 0.009676 0.261189
vt 0.031890 0.261189
vt 0.031890 0.991776
vt 0.009676 0.991776
vt 0.201011 0.991878
vt 0.009676 0.991776
vt 0.031890 0.991776
vt 0.031890 0.261190
vt 0.009676 0.261190
vt 0.081035 0.973364
vt 0.097191 0.973364
vt 0.097191 0.719095
vt 0.081035 0.719095
vt 0.060841 0.325591
vt 0.072382 0.924756
vt 0.072382 0.933627
vt 0.077937 0.933627
vt 0.186333 0.753217
vt 0.177773 0.892026
vt 0.177773 0.752653
vt 0.205985 0.453051
vt 0.206049 0.453051
vt 0.207805 0.453051
vt 0.177774 0.896638
vt 0.186333 0.949117
vt 0.177773 0.949117
vt 0.177768 0.935048
vt 0.114085 0.027345
vt 0.112329 0.001750
vt 0.114085 0.001750
vt 0.182499 0.001750
vt 0.183718 0.001750
vt 0.183718 0.245305
vt 0.182499 0.245305
vt 0.186333 0.737767
vt 0.177773 0.752653
vt 0.177752 0.737767
vt 0.060665 0.001750
vt 0.084249 0.001750
vt 0.096679 0.270964
vt 0.096634 0.270945
vt 0.096615 0.270900
vt 0.077937 0.877056
vt 0.075168 0.803001
vt 0.075168 0.893894
vt 0.172869 0.893894
vt 0.092376 0.027361
vt 0.092376 0.001750
vt 0.095962 0.001750
vt 0.072382 0.749901
vt 0.077937 0.749901
vt 0.183718 0.591296
vt 0.182499 0.591296
vt 0.182499 0.567776
vt 0.114085 0.296560
vt 0.112329 0.296560
vt 0.185189 0.591296
vt 0.183718 0.591296
vt 0.185189 0.567776
vt 0.117809 0.248660
vt 0.118967 0.248692
vt 0.118967 0.492264
vt 0.117809 0.492264
vt 0.182499 0.566923
vt 0.183718 0.566923
vt 0.096053 0.959840
vt 0.087494 0.959840
vt 0.096053 0.929319
vt 0.096053 0.935047
vt 0.072382 0.877056
vt 0.072382 0.762683
vt 0.059812 0.001750
vt 0.085343 0.594869
vt 0.084489 0.594869
vt 0.084489 0.569338
vt 0.085343 0.569338
vt 0.089696 0.547050
vt 0.113280 0.547050
vt 0.113280 0.790605
vt 0.089696 0.790605
vt 0.096615 0.001750
vt 0.118727 0.001750
vt 0.142311 0.001718
vt 0.142311 0.245289
vt 0.118727 0.245289
vt 0.142311 0.001718
vt 0.143469 0.001686
vt 0.143469 0.245289
vt 0.183718 0.001750
vt 0.185253 0.001718
vt 0.185253 0.245289
vt 0.197713 0.749901
vt 0.202048 0.749901
vt 0.186333 0.959840
vt 0.177773 0.959840
vt 0.091597 0.001750
vt 0.092376 0.001750
vt 0.142551 0.248724
vt 0.143405 0.248725
vt 0.143405 0.492264
vt 0.142551 0.492264
vt 0.117874 0.001750
vt 0.118727 0.001750
vt 0.117874 0.245289
vt 0.113520 0.300059
vt 0.114374 0.300059
vt 0.114374 0.543614
vt 0.113520 0.543614
vt 0.088843 0.547050
vt 0.088843 0.790605
vt 0.094522 0.773014
vt 0.094549 0.754039
vt 0.198661 0.754039
vt 0.198688 0.773013
vt 0.077937 0.749901
vt 0.182499 0.476635
vt 0.182499 0.453051
vt 0.111893 0.978074
vt 0.105968 0.978074
vt 0.105968 0.893563
vt 0.111893 0.893563
vt 0.088778 0.299995
vt 0.089936 0.300027
vt 0.089936 0.543614
vt 0.088778 0.543614
vt 0.142551 0.248724
vt 0.058929 0.750682
vt 0.060130 0.742196
vt 0.189771 0.760541
vt 0.188570 0.769027
vt 0.113520 0.300059
vt 0.096679 0.270964
vt 0.183526 0.664159
vt 0.182499 0.664159
vt 0.182499 0.660258
vt 0.183526 0.660258
vt 0.096053 0.752653
vt 0.096053 0.892026
vt 0.205985 0.452986
vt 0.205985 0.451893
vt 0.207741 0.451893
vt 0.207787 0.451911
vt 0.207805 0.451957
vt 0.085343 0.027345
vt 0.085343 0.001750
vt 0.075168 0.894268
vt 0.075168 0.802814
vt 0.088843 0.270964
vt 0.113280 0.547050
vt 0.114438 0.547050
vt 0.114438 0.790605
vt 0.025838 0.984520
vt 0.058929 0.750681
vt 0.155390 1.003503
vt 0.185957 0.563423
vt 0.182499 0.563423
vt 0.182499 0.453051
vt 0.182454 0.453032
vt 0.182435 0.452986
vt 0.182435 0.451957
vt 0.182454 0.451912
vt 0.182499 0.451893
vt 0.129971 0.826024
vt 0.155417 0.826024
vt 0.155417 0.978646
vt 0.129971 0.978646
vt 0.172041 0.615714
vt 0.171015 0.615714
vt 0.171015 0.001750
vt 0.172041 0.001750
vt 0.167515 0.615714
vt 0.163614 0.615714
vt 0.163614 0.001750
vt 0.167515 0.001750
vt 0.175541 0.001750
vt 0.176568 0.001750
vt 0.176568 0.615714
vt 0.175541 0.615714
vt 0.182499 0.652857
vt 0.183526 0.652857
vt 0.183526 0.656758
vt 0.182499 0.656758
vt 0.207741 0.332333
vt 0.207805 0.332333
vt 0.207805 0.332370
vt 0.207741 0.332398
vt 0.182435 0.248740
vt 0.182435 0.248703
vt 0.182499 0.248676
vt 0.072056 0.749901
vt 0.072056 0.749631
vt 0.072382 0.749434
vt 0.072382 0.934094
vt 0.072194 0.934094
vt 0.072056 0.933627
vt 0.182499 0.303367
vt 0.182462 0.303367
vt 0.182435 0.303302
vt 0.182499 0.332398
vt 0.182462 0.332398
vt 0.182435 0.332333
vt 0.208030 0.248676
vt 0.208067 0.248676
vt 0.208094 0.248740
vt 0.207741 0.306802
vt 0.207741 0.306738
vt 0.207778 0.306738
vt 0.207805 0.306802
vt 0.072194 0.749434
vt 0.072056 0.749901
vt 0.182435 0.306802
vt 0.182435 0.306765
vt 0.182499 0.306738
vt 0.208094 0.303302
vt 0.208094 0.303339
vt 0.208030 0.303367
vt 0.072056 0.933897
vt 0.182499 0.274336
vt 0.182462 0.274336
vt 0.182435 0.274272
vt 0.150849 0.737166
vt 0.150849 0.736818
vt 0.150911 0.736563
vt 0.202048 0.749434
vt 0.202236 0.749434
vt 0.202374 0.749901
vt 0.150911 0.975181
vt 0.150875 0.975181
vt 0.150849 0.974577
vt 0.182435 0.277771
vt 0.182435 0.277734
vt 0.182499 0.277707
vt 0.202374 0.933627
vt 0.202374 0.933897
vt 0.202048 0.934094
vt 0.208094 0.274272
vt 0.208094 0.274309
vt 0.208030 0.274336
vt 0.202374 0.749631
vt 0.175511 0.736563
vt 0.175546 0.736563
vt 0.175573 0.737166
vt 0.202236 0.934094
vt 0.202374 0.933627
vt 0.208030 0.277707
vt 0.208067 0.277707
vt 0.208094 0.277771
vt 0.175573 0.974577
vt 0.175573 0.974926
vt 0.175511 0.975181
vt 0.085407 0.296560
vt 0.085407 0.296597
vt 0.085343 0.296624
vt 0.114085 0.001686
vt 0.114122 0.001686
vt 0.114149 0.001750
vt 0.072382 0.749434
vt 0.072194 0.749434
vt 0.072056 0.749901
vt 0.059812 0.594933
vt 0.059775 0.594933
vt 0.059748 0.594869
vt 0.088778 0.001750
vt 0.088778 0.001713
vt 0.088843 0.001686
vt 0.085343 0.569274
vt 0.085380 0.569274
vt 0.085407 0.569338
vt 0.182499 0.477552
vt 0.182462 0.477552
vt 0.182435 0.477488
vt 0.177773 0.960404
vt 0.177761 0.960404
vt 0.177752 0.959840
vt 0.202374 0.749901
vt 0.202374 0.749631
vt 0.202048 0.749434
vt 0.186333 0.737202
vt 0.186346 0.737202
vt 0.186355 0.737767
vt 0.059812 0.296624
vt 0.059775 0.296624
vt 0.059748 0.296560
vt 0.202048 0.934094
vt 0.202236 0.934094
vt 0.085407 0.594869
vt 0.085407 0.594906
vt 0.085343 0.594933
vt 0.186355 0.959840
vt 0.186355 0.960166
vt 0.186333 0.960404
vt 0.085343 0.001686
vt 0.085380 0.001686
vt 0.085407 0.001750
vt 0.072056 0.749631
vt 0.072382 0.749434
vt 0.114149 0.296560
vt 0.114149 0.296597
vt 0.114085 0.296624
vt 0.059748 0.300059
vt 0.059748 0.300022
vt 0.059812 0.299995
vt 0.088843 0.296624
vt 0.088806 0.296624
vt 0.088778 0.296560
vt 0.059748 0.001750
vt 0.059748 0.001713
vt 0.059812 0.001686
vt 0.087472 0.737767
vt 0.087472 0.737441
vt 0.087494 0.737202
vt 0.202236 0.749434
vt 0.085343 0.299995
vt 0.085380 0.299995
vt 0.085407 0.300059
vt 0.087494 0.960404
vt 0.087481 0.960404
vt 0.087472 0.959840
vt 0.182435 0.566923
vt 0.182435 0.566886
vt 0.182499 0.566859
vt 0.085407 0.325591
vt 0.085407 0.325628
vt 0.085343 0.325655
vt 0.096075 0.959840
vt 0.096075 0.960166
vt 0.096053 0.960404
vt 0.112476 0.978052
vt 0.143405 0.248660
vt 0.143442 0.248660
vt 0.143469 0.248660
vt 0.185253 0.566859
vt 0.185253 0.566923
vt 0.117809 0.001686
vt 0.117874 0.001686
vt 0.096075 0.928755
vt 0.182435 0.539050
vt 0.182435 0.539013
vt 0.182435 0.538985
vt 0.072752 0.978052
vt 0.114374 0.299995
vt 0.114411 0.299995
vt 0.114438 0.299995
vt 0.186021 0.538985
vt 0.186021 0.539050
vt 0.182435 0.535614
vt 0.182454 0.535614
vt 0.088778 0.546986
vt 0.088843 0.546986
vt 0.096075 0.891461
vt 0.176558 0.894268
vt 0.176670 0.894268
vt 0.094549 0.773733
vt 0.060095 0.742191
vt 0.060147 0.741823
vt 0.060186 0.741553
vt 0.176670 0.802814
vt 0.098088 0.973364
vt 0.098088 0.973733
vt 0.097191 0.974003
vt 0.071421 0.721760
vt 0.071421 0.721750
vt 0.071746 0.721742
vt 0.031890 0.991823
vt 0.032603 0.991823
vt 0.033124 0.991776
vt 0.033124 0.261189
vt 0.033124 0.261162
vt 0.031890 0.261143
vt 0.071746 0.991895
vt 0.071558 0.991895
vt 0.071421 0.991878
vt 0.097191 0.974003
vt 0.097709 0.974003
vt 0.098088 0.973364
vt 0.033124 0.991776
vt 0.033124 0.991803
vt 0.031890 0.991823
vt 0.201011 0.721742
vt 0.201199 0.721742
vt 0.201336 0.721760
vt 0.097191 0.718457
vt 0.097709 0.718457
vt 0.098088 0.719095
vt 0.098088 0.719095
vt 0.098088 0.718727
vt 0.097191 0.718457
vt 0.201336 0.991878
vt 0.201336 0.991888
vt 0.201011 0.991895
vt 0.031890 0.261143
vt 0.032603 0.261143
vt 0.033124 0.261190
vt 0.008441 0.991776
vt 0.008441 0.991803
vt 0.009676 0.991823
vt 0.071558 0.721742
vt 0.071421 0.721760
vt 0.081035 0.974003
vt 0.080517 0.974003
vt 0.080137 0.973364
vt 0.009676 0.261143
vt 0.008963 0.261143
vt 0.008441 0.261190
vt 0.080137 0.973364
vt 0.080137 0.973733
vt 0.081035 0.974003
vt 0.071421 0.991888
vt 0.071746 0.991895
vt 0.081035 0.718457
vt 0.080517 0.718457
vt 0.080137 0.719095
vt 0.008441 0.261189
vt 0.008441 0.261162
vt 0.009676 0.261143
vt 0.201199 0.991895
vt 0.009676 0.991823
vt 0.008963 0.991823
vt 0.080137 0.719095
vt 0.080137 0.718727
vt 0.081035 0.718457
vt 0.201336 0.721760
vt 0.201336 0.721750
vt 0.201011 0.721742
vt 0.182435 0.001686
vt 0.182499 0.001686
vt 0.060905 0.325655
vt 0.182499 0.591360
vt 0.182462 0.591360
vt 0.182435 0.591360
vt 0.182435 0.660258
vt 0.182435 0.660221
vt 0.182499 0.660194
vt 0.155836 0.978646
vt 0.155836 0.978655
vt 0.155417 0.978662
vt 0.176568 0.001686
vt 0.176605 0.001686
vt 0.176632 0.001750
vt 0.176632 0.615714
vt 0.176632 0.615751
vt 0.176568 0.615778
vt 0.155417 0.826008
vt 0.155659 0.826008
vt 0.155836 0.826024
vt 0.183526 0.652793
vt 0.183563 0.652793
vt 0.183590 0.652858
vt 0.170951 0.001750
vt 0.170951 0.001713
vt 0.171015 0.001686
vt 0.129971 0.978662
vt 0.129729 0.978662
vt 0.129552 0.978646
vt 0.182499 0.664223
vt 0.182462 0.664223
vt 0.182435 0.664159
vt 0.183590 0.656758
vt 0.183590 0.656796
vt 0.183526 0.656823
vt 0.129552 0.826024
vt 0.129552 0.826015
vt 0.129971 0.826008
vt 0.171015 0.615778
vt 0.170978 0.615778
vt 0.170951 0.615714
vt 0.175477 0.001750
vt 0.175477 0.001713
vt 0.175541 0.001686
vt 0.163614 0.615778
vt 0.163577 0.615778
vt 0.163550 0.615714
vt 0.183526 0.660194
vt 0.183563 0.660194
vt 0.183590 0.660258
vt 0.175541 0.615778
vt 0.175504 0.615778
vt 0.175477 0.615714
vt 0.182435 0.652857
vt 0.182435 0.652820
vt 0.182499 0.652793
vt 0.163550 0.001750
vt 0.163550 0.001713
vt 0.163614 0.001686
vt 0.182499 0.656823
vt 0.182462 0.656823
vt 0.182435 0.656758
vt 0.172106 0.615714
vt 0.172106 0.615751
vt 0.172041 0.615778
vt 0.167515 0.001686
vt 0.167552 0.001686
vt 0.167579 0.001750
vt 0.172041 0.001686
vt 0.172078 0.001686
vt 0.172106 0.001750
vt 0.183590 0.664159
vt 0.183590 0.664196
vt 0.183526 0.664223
vt 0.167579 0.615714
vt 0.167579 0.615751
vt 0.167515 0.615778
vt 0.072056 0.924756
vt 0.183718 0.332398
vt 0.072056 0.762683
vt 0.205985 0.306738
vt 0.175573 0.753684
vt 0.202374 0.762683
vt 0.150849 0.753684
vt 0.183718 0.306738
vt 0.175573 0.963114
vt 0.202374 0.924756
vt 0.150849 0.963114
vt 0.205985 0.332398
vt 0.085407 0.270964
vt 0.114149 0.027345
vt 0.059748 0.569274
vt 0.088778 0.027345
vt 0.112329 0.001686
vt 0.084249 0.296624
vt 0.077937 0.749434
vt 0.084489 0.594933
vt 0.197713 0.934094
vt 0.186355 0.753217
vt 0.059748 0.270964
vt 0.177752 0.737202
vt 0.090061 0.001686
vt 0.186355 0.949117
vt 0.183718 0.477552
vt 0.177752 0.949117
vt 0.072056 0.913583
vt 0.091597 0.001686
vt 0.186355 0.935612
vt 0.202374 0.913583
vt 0.185253 0.477552
vt 0.177747 0.935612
vt 0.072056 0.907909
vt 0.092376 0.001686
vt 0.186355 0.928755
vt 0.202374 0.907909
vt 0.072056 0.881805
vt 0.095962 0.001686
vt 0.186355 0.897202
vt 0.202374 0.881805
vt 0.189619 0.477552
vt 0.186032 0.477552
vt 0.177747 0.928755
vt 0.177752 0.897202
vt 0.072056 0.877056
vt 0.096615 0.001686
vt 0.186355 0.891461
vt 0.202374 0.877056
vt 0.177752 0.891461
vt 0.177752 0.753217
vt 0.085407 0.027345
vt 0.114149 0.270964
vt 0.090061 0.296624
vt 0.059748 0.325655
vt 0.088778 0.270964
vt 0.084489 0.325655
vt 0.182435 0.567776
vt 0.059748 0.027345
vt 0.096075 0.737202
vt 0.087472 0.753217
vt 0.060665 0.001686
vt 0.197713 0.749434
vt 0.060905 0.299995
vt 0.077937 0.934094
vt 0.091597 0.296624
vt 0.096075 0.949117
vt 0.183718 0.566859
vt 0.087472 0.949117
vt 0.096075 0.935612
vt 0.087472 0.935612
vt 0.092376 0.296624
vt 0.185253 0.567776
vt 0.142551 0.248660
vt 0.087472 0.928755
vt 0.095962 0.296624
vt 0.118727 0.001686
vt 0.182435 0.539903
vt 0.096075 0.897202
vt 0.087472 0.897202
vt 0.096615 0.296624
vt 0.186021 0.539903
vt 0.113520 0.299995
vt 0.087472 0.891461
vt 0.112329 0.296624
vt 0.089696 0.546986
vt 0.096075 0.753217
vt 0.058895 0.750677
vt 0.060665 0.296624
vt 0.060905 0.594933
vt 0.077937 0.934094
vt 0.060905 0.569274
vt 0.084489 0.569274
vt 0.182435 0.476635
vt 0.182435 0.453051
vt 0.084249 0.001686
vt 0.077937 0.749434
vt 0.084489 0.299995
vt 0.113280 0.546986
vt 0.114438 0.546986
vt 0.182435 0.534456
vt 0.186003 0.563487
vt 0.182454 0.563487
vt 0.175496 0.619150
vt 0.179045 0.619150
vt 0.185234 0.591360
vt 0.183718 0.591360
vt 0.183718 0.001686
vt 0.185234 0.001686
vt 0.185253 0.591341
vt 0.000000 0.000000
vt 0.182435 0.563468
vt 0.186021 0.563468
vt 0.075168 0.894268
vt 0.025740 0.984966
vt 0.117809 0.245289
vt 0.105384 0.978052
vt 0.105384 0.893585
vt 0.143469 0.492264
vt 0.112476 0.893585
vt 0.114438 0.543614
vt 0.072752 0.893579
vt 0.088778 0.790605
vt 0.066815 0.978052
vt 0.066815 0.893579
vt 0.094549 0.753319
vt 0.198661 0.753319
vt 0.025724 0.985154
vt 0.133523 0.742644
vt 0.189861 0.759903
vt 0.198661 0.773733
vt 0.182435 0.245305
s 0
usemtl mat_Desk_main
f 102/1/1 74/2/1 60/3/1 88/4/1
f 96/5/2 124/6/2 126/7/2 81/8/2
f 117/9/3 109/10/3 130/11/3 127/12/3
f 108/13/4 61/14/4 73/15/4 112/16/4
f 82/17/3 127/12/3 130/11/3 54/18/3
f 68/18/5 121/11/5 123/12/5 95/17/5
f 108/13/4 112/16/4 120/19/4 129/20/4
f 138/21/6 410/22/6 12/23/6 132/24/6
f 114/25/2 118/26/2 126/7/2 124/6/2
f 111/10/5 115/9/5 123/12/5 121/11/5
f 66/27/6 94/28/6 80/29/6 53/30/6
f 111/10/5 75/31/5 101/32/5 115/9/5
f 114/25/2 103/33/2 87/34/2 118/26/2
f 117/9/3 89/32/3 59/31/3 109/10/3
f 412/35/1 145/36/1 136/37/1 415/38/1
f 2/39/4 1/40/4 177/41/4 186/42/4
f 182/43/3 156/44/3 484/45/3 46/46/3
f 1/40/4 135/47/4 147/48/4 177/41/4
f 264/49/6 32/50/6 39/51/6 153/52/6
f 247/53/1 424/54/1 415/55/1 136/37/1
f 16/56/7 13/57/7 1/58/7 2/59/7
f 41/60/5 40/61/5 180/62/5 189/63/5
f 191/64/7 182/65/7 46/46/7 47/66/7
f 185/67/5 176/10/5 14/68/5 15/69/5
f 194/70/5 185/71/5 15/69/5 18/72/5
f 197/73/2 188/74/2 192/75/2 200/76/2
f 201/77/8 202/78/8 200/79/8 192/80/8 193/81/8 191/82/8 47/66/8 48/83/8
f 17/84/3 16/56/3 2/59/3 3/85/3
f 20/86/9 17/84/9 3/85/9 4/87/9
f 43/88/5 42/89/5 198/90/5 207/91/5
f 209/92/9 201/93/9 48/83/9 49/94/9
f 203/95/5 194/96/5 18/72/5 19/97/5
f 212/98/5 203/99/5 19/97/5 22/100/5
f 215/101/2 206/102/2 210/103/2 218/104/2
f 219/105/8 220/106/8 218/107/8 210/108/8 211/109/8 209/110/8 49/94/8 50/111/8
f 21/112/3 20/86/3 4/87/3 5/113/3
f 452/114/2 419/115/2 21/116/2 448/117/2 450/118/2 449/119/2
f 45/120/5 44/121/5 216/122/5 224/123/5
f 227/124/3 219/125/3 50/126/3 51/127/3
f 222/128/5 212/129/5 22/100/5 23/130/5
f 24/131/6 245/132/6 132/133/6 12/23/6
f 40/61/5 478/134/5 169/135/5 180/62/5
f 153/136/10 154/137/10 152/138/10 228/139/10 229/140/10 227/141/10 51/142/10 39/143/10
f 244/144/4 11/145/4 6/146/4 133/147/4
f 424/148/1 247/53/1 238/149/1 434/150/1
f 293/151/4 274/152/4 7/153/4 8/154/4
f 280/62/3 258/32/3 475/155/3 33/61/3
f 274/152/4 239/156/4 248/157/4 7/153/4
f 268/158/1 455/159/1 476/160/1 257/161/1
f 265/162/2 340/163/2 347/164/2 251/165/2
f 283/166/2 277/167/2 281/168/2 291/169/2
f 461/170/5 31/171/5 278/172/5 285/173/5
f 290/63/3 280/62/3 33/61/3 34/60/3
f 26/174/3 25/175/3 275/10/3 294/71/3
f 309/176/2 297/177/2 304/178/2 317/179/2
f 443/180/2 445/181/2 20/182/2 17/183/2
f 303/90/3 290/63/3 34/60/3 35/89/3
f 306/184/4 293/151/4 8/154/4 9/185/4
f 328/186/2 309/187/2 317/179/2 335/188/2
f 467/189/5 463/190/5 298/191/5 311/192/5
f 316/91/3 303/90/3 35/89/3 36/88/3
f 28/193/3 27/194/3 307/96/3 320/99/3
f 322/195/4 325/196/4 10/197/4 4/198/4 5/199/4
f 309/200/2 328/201/2 218/202/2 210/203/2
f 334/204/3 316/91/3 36/88/3 37/121/3
f 337/205/4 319/206/4 10/197/4 325/196/4 324/207/4
f 403/208/3 369/209/3 353/210/3 383/211/3
f 473/212/5 469/213/5 329/214/5 342/215/5
f 348/123/3 334/204/3 37/121/3 38/120/3
f 11/216/5 323/217/5 449/218/5 452/219/5
f 431/220/3 30/221/3 351/11/3 231/222/3
f 482/223/6 164/224/6 153/52/6 39/51/6
f 252/225/3 348/123/3 38/120/3 457/226/3
f 25/175/3 433/227/3 237/228/3 275/229/3
f 375/230/1 361/231/1 354/232/1 368/233/1
f 396/234/2 376/235/2 367/236/2 402/237/2
f 404/233/6 382/232/6 390/231/6 397/238/6
f 381/239/4 355/240/4 360/241/4 388/242/4
f 389/243/5 362/244/5 374/245/5 395/246/5
f 455/159/1 424/247/1 434/150/1 476/160/1
f 176/248/5 146/249/5 413/250/5 14/68/5
f 225/251/2 215/101/2 218/252/2 228/253/2
f 39/143/3 51/142/3 418/254/3 421/255/3 12/256/3
f 50/111/3 49/94/3 20/86/3 21/112/3
f 44/121/5 43/88/5 207/91/5 216/204/5
f 206/102/2 197/73/2 200/76/2 210/257/2
f 49/94/9 48/83/9 17/84/9 20/86/9
f 48/83/3 47/66/3 16/56/3 17/84/3
f 42/89/5 41/60/5 189/63/5 198/90/5
f 188/74/2 179/258/2 183/259/2 192/260/2
f 47/66/7 46/46/7 13/57/7 16/56/7
f 14/68/5 413/250/5 478/155/5 40/61/5
f 133/261/4 6/146/4 221/262/4 139/263/4
f 423/264/2 436/265/2 13/266/2 416/267/2
f 163/268/2 225/251/2 228/269/2 152/270/2
f 24/131/6 32/50/6 458/271/6 430/272/6
f 6/146/4 11/145/4 323/273/4 326/274/4 322/275/4 5/199/4
f 38/120/3 37/121/3 29/276/3 30/221/3
f 37/121/3 36/88/3 28/193/3 29/276/3
f 452/277/5 449/278/5 469/279/5 473/212/5
f 10/197/4 9/185/4 3/280/4 4/198/4
f 36/88/3 35/89/3 27/194/3 28/193/3
f 35/89/3 34/60/3 26/174/3 27/194/3
f 4/198/4 3/280/4 195/281/4 204/282/4
f 140/283/5 222/11/5 23/130/5 409/284/5
f 34/60/3 33/61/3 25/175/3 26/174/3
f 437/285/5 425/286/5 454/287/5 31/171/5
f 232/288/4 350/289/4 11/145/4 244/144/4
f 440/290/5 437/291/5 31/171/5 461/292/5
f 8/293/1 439/294/1 16/295/1 2/296/1
f 31/171/5 454/287/5 267/297/5 278/298/5
f 277/167/2 269/299/2 259/300/2 281/168/2
f 297/301/2 283/302/2 291/169/2 304/178/2
f 27/194/3 26/174/3 294/71/3 307/96/3
f 319/206/4 306/184/4 9/185/4 10/197/4
f 29/276/3 28/193/3 320/99/3 338/303/3
f 30/221/3 29/276/3 338/303/3 351/304/3
f 32/50/6 264/49/6 250/305/6 458/271/6
f 170/306/1 479/307/1 485/308/1 155/309/1
f 470/310/6 448/311/6 21/312/6 50/313/6
f 6/146/4 5/199/4 213/314/4 221/262/4
f 464/315/6 443/316/6 17/317/6 48/318/6
f 443/319/6 9/320/6 3/321/6 17/317/6
f 436/322/2 439/323/2 16/324/2 13/266/2
f 33/61/3 475/134/3 433/227/3 25/175/3
f 457/325/3 38/120/3 30/221/3 431/220/3
f 481/325/5 45/120/5 224/123/5 162/326/5
f 179/258/2 171/327/2 157/328/2 183/259/2
f 3/280/4 2/39/4 186/329/4 195/330/4
f 460/331/1 284/332/1 191/333/1 47/334/1
f 296/335/6 464/336/6 48/318/6 201/337/6
f 466/338/1 310/339/1 209/340/1 49/341/1
f 327/342/6 470/310/6 50/313/6 219/343/6
f 340/344/2 265/345/2 152/346/2 228/347/2
f 479/307/1 412/35/1 415/55/1 485/308/1
f 23/130/5 22/100/5 44/121/5 45/120/5
f 22/100/5 19/97/5 43/88/5 44/121/5
f 19/97/5 18/72/5 42/89/5 43/88/5
f 18/72/5 15/69/5 41/60/5 42/89/5
f 15/69/5 14/68/5 40/61/5 41/60/5
f 409/348/5 23/130/5 45/120/5 481/226/5
f 46/46/3 484/349/3 416/350/3 13/57/3
f 283/351/2 297/352/2 200/353/2 192/354/2
f 5/199/4 4/198/4 204/282/4 213/314/4
f 10/355/1 445/356/1 20/357/1 4/358/1
f 9/185/4 8/154/4 2/39/4 3/280/4
f 439/294/1 460/359/1 47/334/1 16/295/1
f 472/360/1 341/361/1 227/362/1 51/363/1
f 445/356/1 466/364/1 49/341/1 20/357/1
f 350/289/4 337/205/4 324/207/4 323/365/4 11/145/4
f 537/366/3 503/367/3 487/368/3 517/369/3
f 340/370/2 328/371/2 335/188/2 347/164/2
f 12/256/3 421/255/3 420/372/3 6/373/3 133/374/3 134/375/3 132/376/3
f 245/377/6 24/131/6 430/272/6 230/378/6
f 51/127/3 50/126/3 21/379/3 419/380/3 422/380/3 418/380/3
f 32/50/6 24/131/6 12/23/6 39/51/6
f 7/153/4 248/381/4 135/47/4 1/40/4
f 448/382/6 322/383/6 5/384/6 21/312/6
f 451/385/1 472/386/1 51/363/1 418/387/1
f 446/388/5 442/389/5 463/190/5 467/189/5
f 13/57/11 416/390/11 417/391/11 415/392/11 136/393/11 137/394/11 135/395/11 1/58/11
f 420/372/3 419/254/3 21/112/3 5/113/3 6/373/3
f 8/154/4 7/153/4 1/40/4 2/39/4
f 509/396/2 495/397/2 488/398/2 502/399/2
f 530/400/6 510/401/6 501/402/6 536/403/6
f 538/404/4 516/405/4 524/406/4 531/407/4
f 515/408/1 489/409/1 494/410/1 522/411/1
f 523/412/5 496/413/5 508/414/5 529/415/5
f 410/22/6 482/223/6 39/51/6 12/23/6
f 52/416/12 55/417/12 56/418/12 58/419/12
f 53/30/13 57/420/13 56/421/13 55/422/13
f 54/18/14 58/423/14 56/424/14 57/425/14
f 59/31/15 62/426/15 63/427/15 65/428/15
f 60/3/16 64/429/16 63/430/16 62/431/16
f 61/14/17 65/432/17 63/433/17 64/434/17
f 66/27/18 69/435/18 70/436/18 72/437/18
f 67/438/19 71/439/19 70/440/19 69/441/19
f 68/18/20 72/425/20 70/442/20 71/443/20
f 73/15/21 76/444/21 77/445/21 79/446/21
f 74/2/22 78/447/22 77/448/22 76/449/22
f 75/31/23 79/428/23 77/450/23 78/426/23
f 80/29/24 83/451/24 84/452/24 86/453/24
f 81/8/25 85/454/25 84/455/25 83/456/25
f 82/17/26 86/457/26 84/458/26 85/459/26
f 87/34/27 90/460/27 91/461/27 93/462/27
f 88/4/28 92/463/28 91/464/28 90/465/28
f 89/32/29 93/466/29 91/467/29 92/468/29
f 94/28/30 97/469/30 98/470/30 100/471/30
f 95/17/31 99/459/31 98/472/31 97/457/31
f 96/5/32 100/473/32 98/474/32 99/475/32
f 101/32/33 104/468/33 105/476/33 107/477/33
f 102/1/34 106/478/34 105/479/34 104/480/34
f 103/33/35 107/481/35 105/482/35 106/483/35
f 138/21/36 141/484/36 142/485/36 144/486/36
f 139/263/37 143/487/37 142/488/37 141/489/37
f 140/283/38 144/490/38 142/491/38 143/492/38
f 145/36/39 148/493/39 149/494/39 151/495/39
f 146/249/40 150/428/40 149/450/40 148/426/40
f 147/48/41 151/496/41 149/497/41 150/498/41
f 155/309/42 158/499/42 159/500/42 161/501/42
f 156/44/43 160/502/43 159/503/43 158/504/43
f 157/328/44 161/505/44 159/506/44 160/507/44
f 162/326/45 165/508/45 166/509/45 168/510/45
f 163/268/46 167/511/46 166/512/46 165/513/46
f 164/224/47 168/514/47 166/515/47 167/516/47
f 169/135/48 172/517/48 173/518/48 175/477/48
f 170/306/49 174/519/49 173/520/49 172/521/49
f 171/327/50 175/522/50 173/523/50 174/524/50
f 230/378/13 233/525/13 234/526/13 236/527/13
f 231/222/14 235/443/14 234/528/14 233/529/14
f 232/288/51 236/530/51 234/531/51 235/532/51
f 237/228/15 240/426/15 241/427/15 243/428/15
f 238/149/16 242/533/16 241/534/16 240/535/16
f 239/156/52 243/536/52 241/537/52 242/538/52
f 250/305/24 253/539/24 254/540/24 256/541/24
f 251/165/53 255/542/53 254/543/53 253/544/53
f 252/225/26 256/510/26 254/545/26 255/508/26
f 257/161/28 260/546/28 261/547/28 263/548/28
f 258/32/29 262/466/29 261/467/29 260/517/29
f 259/300/54 263/549/54 261/550/54 262/551/54
f 267/297/33 270/552/33 271/553/33 273/554/33
f 268/158/55 272/555/55 271/556/55 270/557/55
f 269/299/56 273/558/56 271/559/56 272/560/56
f 283/351/57 286/561/57 287/561/57 289/561/57
f 284/332/58 288/562/58 287/563/58 286/564/58
f 285/173/59 289/565/59 287/565/59 288/566/59
f 296/335/60 299/567/60 300/567/60 302/568/60
f 297/177/61 301/569/61 300/569/61 299/569/61
f 298/191/62 302/570/62 300/571/62 301/572/62
f 309/200/63 312/573/63 313/573/63 315/573/63
f 310/339/58 314/574/58 313/575/58 312/576/58
f 311/192/64 315/577/64 313/577/64 314/578/64
f 322/579/4 326/580/4 323/217/4 324/579/4 325/579/4
f 327/342/65 330/581/65 331/581/65 333/582/65
f 328/371/61 332/583/61 331/583/61 330/583/61
f 329/214/62 333/125/62 331/584/62 332/585/62
f 340/344/57 343/586/57 344/586/57 346/586/57
f 341/361/58 345/587/58 344/588/58 343/589/58
f 342/215/59 346/590/59 344/590/59 345/124/59
f 353/210/15 356/591/15 357/592/15 359/593/15
f 354/232/16 358/594/16 357/595/16 356/596/16
f 355/240/17 359/597/17 357/598/17 358/599/17
f 360/241/41 363/600/41 364/601/41 366/602/41
f 361/231/66 365/603/66 364/604/66 363/605/66
f 362/244/40 366/606/40 364/607/40 365/608/40
f 367/236/27 370/609/27 371/610/27 373/611/27
f 368/233/28 372/612/28 371/613/28 370/614/28
f 369/209/29 373/615/29 371/616/29 372/617/29
f 374/245/48 377/618/48 378/619/48 380/620/48
f 375/230/67 379/621/67 378/622/67 377/623/67
f 376/235/50 380/624/50 378/625/50 379/626/50
f 381/239/12 384/627/12 385/628/12 387/629/12
f 382/232/13 386/596/13 385/630/13 384/631/13
f 383/211/14 387/632/14 385/633/14 386/634/14
f 388/242/37 391/635/37 392/636/37 394/637/37
f 389/243/38 393/638/38 392/639/38 391/640/38
f 390/231/68 394/605/68 392/641/68 393/642/68
f 395/246/45 398/643/45 399/644/45 401/645/45
f 396/234/46 400/646/46 399/647/46 398/648/46
f 397/238/69 401/623/69 399/649/69 400/621/69
f 402/237/25 405/650/25 406/651/25 408/627/25
f 403/208/26 407/652/26 406/653/26 405/654/26
f 404/233/24 408/655/24 406/656/24 407/657/24
f 418/115/3 422/115/3 419/115/3 420/115/3 421/115/3
f 423/264/70 426/658/70 427/658/70 429/659/70
f 424/247/71 428/660/71 427/660/71 426/660/71
f 425/286/72 429/661/72 427/662/72 428/663/72
f 487/368/29 490/664/29 491/665/29 493/666/29
f 488/398/27 492/667/27 491/668/27 490/669/27
f 489/409/28 493/670/28 491/671/28 492/672/28
f 494/410/34 497/673/34 498/674/34 500/675/34
f 495/397/56 499/676/56 498/677/56 497/678/56
f 496/413/48 500/679/48 498/680/48 499/681/48
f 501/402/24 504/682/24 505/683/24 507/684/24
f 502/399/25 506/685/25 505/686/25 504/687/25
f 503/367/26 507/688/26 505/689/26 506/690/26
f 508/414/31 511/691/31 512/692/31 514/693/31
f 509/396/73 513/694/73 512/695/73 511/696/73
f 510/401/30 514/697/30 512/698/30 513/699/30
f 515/408/16 518/700/16 519/701/16 521/702/16
f 516/405/17 520/703/17 519/704/17 518/705/17
f 517/369/15 521/706/15 519/707/15 520/708/15
f 522/411/74 525/709/74 526/710/74 528/711/74
f 523/412/23 527/712/23 526/713/23 525/714/23
f 524/406/75 528/715/75 526/716/75 527/717/75
f 529/415/20 532/718/20 533/719/20 535/720/20
f 530/400/76 534/721/76 533/722/76 532/723/76
f 531/407/77 535/724/77 533/725/77 534/726/77
f 536/403/13 539/727/13 540/728/13 542/729/13
f 537/366/14 541/730/14 540/731/14 539/732/14
f 538/404/12 542/733/12 540/734/12 541/735/12
f 66/27/78 53/30/78 55/422/78 69/435/78
f 69/441/79 55/417/79 52/416/79 67/438/79
f 109/10/80 59/31/80 65/428/80 110/736/80
f 110/737/81 65/432/81 61/14/81 108/13/81
f 60/3/82 74/2/82 76/449/82 64/429/82
f 64/434/83 76/444/83 73/15/83 61/14/83
f 121/11/84 68/18/84 71/443/84 122/738/84
f 122/739/85 71/439/85 67/438/85 120/19/85
f 94/28/86 66/27/86 72/437/86 97/469/86
f 97/457/87 72/425/87 68/18/87 95/17/87
f 74/2/88 102/1/88 104/480/88 78/447/88
f 78/426/89 104/468/89 101/32/89 75/31/89
f 124/6/90 96/5/90 99/475/90 125/740/90
f 125/741/91 99/459/91 95/17/91 123/12/91
f 80/29/92 94/28/92 100/471/92 83/451/92
f 83/456/93 100/473/93 96/5/93 81/8/93
f 102/1/94 88/4/94 90/465/94 106/478/94
f 106/483/95 90/460/95 87/34/95 103/33/95
f 127/12/96 82/17/96 85/459/96 128/741/96
f 128/742/97 85/454/97 81/8/97 126/7/97
f 53/30/98 80/29/98 86/453/98 57/420/98
f 57/425/99 86/457/99 82/17/99 54/18/99
f 88/4/100 60/3/100 62/431/100 92/463/100
f 92/468/101 62/426/101 59/31/101 89/32/101
f 75/31/84 111/10/84 113/736/84 79/428/84
f 79/446/85 113/743/85 112/16/85 73/15/85
f 103/33/90 114/25/90 116/744/90 107/481/90
f 107/477/91 116/745/91 115/9/91 101/32/91
f 89/32/96 117/9/96 119/745/96 93/466/96
f 93/462/97 119/746/97 118/26/97 87/34/97
f 130/11/80 109/10/80 110/736/80 131/738/80
f 131/747/81 110/737/81 108/13/81 129/20/81
f 111/10/84 121/11/84 122/738/84 113/736/84
f 113/743/85 122/739/85 120/19/85 112/16/85
f 114/25/90 124/6/90 125/740/90 116/744/90
f 116/745/91 125/741/91 123/12/91 115/9/91
f 117/9/96 127/12/96 128/741/96 119/745/96
f 119/746/97 128/742/97 126/7/97 118/26/97
f 54/18/80 130/11/80 131/738/80 58/423/80
f 58/419/81 131/747/81 129/20/81 52/416/81
f 138/21/78 132/24/78 134/748/78 141/484/78
f 141/489/79 134/749/79 133/261/79 139/263/79
f 136/37/82 145/36/82 151/495/82 137/750/82
f 137/751/83 151/496/83 147/48/83 135/47/83
f 222/11/102 140/283/102 143/492/102 223/738/102
f 223/752/103 143/487/103 139/263/103 221/262/103
f 410/22/104 138/21/104 144/486/104 411/753/104
f 411/754/105 144/490/105 140/283/105 409/284/105
f 479/307/106 170/306/106 172/521/106 480/755/106
f 480/756/89 172/517/89 169/135/89 478/134/89
f 225/251/107 163/268/107 165/513/107 226/757/107
f 226/741/108 165/508/108 162/326/108 224/123/108
f 153/52/92 164/224/92 167/516/92 154/758/92
f 154/759/93 167/511/93 163/268/93 152/270/93
f 170/306/94 155/309/94 161/501/94 174/519/94
f 174/524/95 161/505/95 157/328/95 171/327/95
f 146/249/102 176/248/102 178/736/102 150/428/102
f 150/498/103 178/760/103 177/41/103 147/48/103
f 171/327/107 179/258/107 181/761/107 175/522/107
f 175/477/108 181/745/108 180/62/108 169/135/108
f 156/44/109 182/43/109 184/762/109 160/502/109
f 160/507/110 184/763/110 183/259/110 157/328/110
f 176/10/102 185/67/102 187/764/102 178/736/102
f 178/760/111 187/765/111 186/42/111 177/41/111
f 179/258/112 188/74/112 190/766/112 181/761/112
f 181/745/108 190/767/108 189/63/108 180/62/108
f 182/65/113 191/64/113 193/768/113 184/762/113
f 184/763/114 193/769/114 192/260/114 183/259/114
f 185/71/102 194/70/102 196/770/102 187/764/102
f 187/765/111 196/771/111 195/330/111 186/329/111
f 188/74/112 197/73/112 199/772/112 190/766/112
f 190/767/108 199/773/108 198/90/108 189/63/108
f 194/96/102 203/95/102 205/774/102 196/770/102
f 196/771/111 205/775/111 204/282/111 195/281/111
f 197/73/112 206/102/112 208/776/112 199/772/112
f 199/773/108 208/777/108 207/91/108 198/90/108
f 201/93/115 209/92/115 211/778/115 202/779/115
f 202/780/116 211/781/116 210/257/116 200/76/116
f 203/99/102 212/98/102 214/782/102 205/774/102
f 205/775/111 214/783/111 213/314/111 204/282/111
f 206/102/112 215/101/112 217/784/112 208/776/112
f 208/777/108 217/785/108 216/204/108 207/91/108
f 212/129/102 222/128/102 223/738/102 214/782/102
f 214/783/111 223/752/111 221/262/111 213/314/111
f 215/101/112 225/251/112 226/757/112 217/784/112
f 217/785/108 226/741/108 224/123/108 216/122/108
f 219/125/109 227/124/109 229/590/109 220/585/109
f 220/786/117 229/787/117 228/253/117 218/252/117
f 245/377/78 230/378/78 236/527/78 246/788/78
f 246/789/79 236/530/79 232/288/79 244/144/79
f 275/229/80 237/228/80 243/428/80 276/736/80
f 276/790/118 243/536/118 239/156/118 274/152/118
f 238/149/82 247/53/82 249/791/82 242/533/82
f 242/538/83 249/792/83 248/157/83 239/156/83
f 455/159/88 268/158/88 270/557/88 456/793/88
f 456/794/89 270/552/89 267/297/89 454/287/89
f 250/305/92 264/49/92 266/795/92 253/539/92
f 253/544/93 266/796/93 265/162/93 251/165/93
f 268/158/94 257/161/94 263/548/94 272/555/94
f 272/560/95 263/549/95 259/300/95 269/299/95
f 348/123/96 252/225/96 255/508/96 349/741/96
f 349/797/119 255/542/119 251/165/119 347/164/119
f 458/271/98 250/305/98 256/541/98 459/798/98
f 459/799/99 256/510/99 252/225/99 457/226/99
f 434/150/100 238/149/100 240/535/100 435/800/100
f 435/801/101 240/426/101 237/228/101 433/227/101
f 294/71/80 275/10/80 276/736/80 295/764/80
f 295/802/118 276/790/118 274/152/118 293/151/118
f 269/299/120 277/167/120 279/803/120 273/558/120
f 273/554/91 279/804/91 278/298/91 267/297/91
f 258/32/96 280/62/96 282/745/96 262/466/96
f 262/551/119 282/805/119 281/168/119 259/300/119
f 277/167/120 283/166/120 289/806/120 279/803/120
f 279/804/91 289/565/91 285/173/91 278/172/91
f 280/62/96 290/63/96 292/767/96 282/745/96
f 282/805/119 292/807/119 291/169/119 281/168/119
f 307/96/80 294/71/80 295/764/80 308/770/80
f 308/808/118 295/802/118 293/151/118 306/184/118
f 461/170/89 285/173/89 288/566/89 462/809/89
f 462/810/121 288/562/121 284/332/121 460/331/121
f 290/63/96 303/90/96 305/773/96 292/767/96
f 292/807/119 305/811/119 304/178/119 291/169/119
f 320/99/80 307/96/80 308/770/80 321/774/80
f 321/812/118 308/808/118 306/184/118 319/206/118
f 464/336/86 296/335/86 302/568/86 465/813/86
f 465/814/87 302/570/87 298/191/87 463/190/87
f 297/177/122 309/176/122 315/815/122 301/569/122
f 301/572/123 315/577/123 311/192/123 298/191/123
f 303/90/96 316/91/96 318/777/96 305/773/96
f 305/811/119 318/816/119 317/179/119 304/178/119
f 338/303/80 320/99/80 321/774/80 339/782/80
f 339/817/118 321/812/118 319/206/118 337/205/118
f 467/189/89 311/192/89 314/578/89 468/818/89
f 468/819/121 314/574/121 310/339/121 466/338/121
f 316/91/96 334/204/96 336/785/96 318/777/96
f 318/816/119 336/820/119 335/188/119 317/179/119
f 351/304/80 338/303/80 339/782/80 352/738/80
f 352/821/118 339/817/118 337/205/118 350/289/118
f 470/310/124 327/342/124 333/582/124 471/822/124
f 471/126/87 333/125/87 329/214/87 469/213/87
f 328/371/120 340/370/120 346/823/120 332/583/120
f 332/585/91 346/590/91 342/215/91 329/214/91
f 334/204/96 348/123/96 349/741/96 336/785/96
f 336/820/119 349/797/119 347/164/119 335/188/119
f 231/222/80 351/11/80 352/738/80 235/443/80
f 235/532/118 352/821/118 350/289/118 232/288/118
f 473/212/89 342/215/89 345/124/89 474/127/89
f 474/824/121 345/587/121 341/361/121 472/360/121
f 383/211/80 353/210/80 359/593/80 387/632/80
f 387/629/125 359/597/125 355/240/125 381/239/125
f 354/232/82 361/231/82 363/605/82 358/594/82
f 358/599/83 363/600/83 360/241/83 355/240/83
f 361/231/88 375/230/88 377/623/88 365/603/88
f 365/608/89 377/618/89 374/245/89 362/244/89
f 375/230/94 368/233/94 370/614/94 379/621/94
f 379/626/95 370/609/95 367/236/95 376/235/95
f 368/233/100 354/232/100 356/596/100 372/612/100
f 372/617/101 356/591/101 353/210/101 369/209/101
f 362/244/84 389/243/84 391/640/84 366/606/84
f 366/602/126 391/635/126 388/242/126 360/241/126
f 376/235/120 396/234/120 398/648/120 380/624/120
f 380/620/91 398/643/91 395/246/91 374/245/91
f 369/209/96 403/208/96 405/654/96 373/615/96
f 373/611/110 405/650/110 402/237/110 367/236/110
f 403/208/99 383/211/99 386/634/99 407/652/99
f 407/657/98 386/596/98 382/232/98 404/233/98
f 396/234/93 402/237/93 408/627/93 400/646/93
f 400/621/92 408/655/92 404/233/92 397/238/92
f 389/243/87 395/246/87 401/645/87 393/638/87
f 393/642/86 401/623/86 397/238/86 390/231/86
f 381/239/79 388/242/79 394/637/79 384/627/79
f 384/631/78 394/605/78 390/231/78 382/232/78
f 482/223/86 410/22/86 411/753/86 483/825/86
f 483/799/105 411/754/105 409/348/105 481/226/105
f 145/36/127 412/35/127 414/826/127 148/493/127
f 148/426/128 414/827/128 413/250/128 146/249/128
f 485/308/129 415/55/129 417/828/129 486/829/129
f 486/830/130 417/831/130 416/350/130 484/349/130
f 230/378/98 430/272/98 432/832/98 233/525/98
f 233/529/99 432/833/99 431/220/99 231/222/99
f 476/160/131 434/150/131 435/800/131 477/834/131
f 477/756/101 435/801/101 433/227/101 475/134/101
f 322/383/86 448/382/86 450/835/86 326/836/86
f 326/579/87 450/837/87 449/218/87 323/217/87
f 442/389/132 446/388/132 447/838/132 444/839/132
f 444/840/133 447/841/133 445/181/133 443/180/133
f 437/291/134 440/290/134 441/842/134 438/843/134
f 438/844/135 441/845/135 439/323/135 436/322/135
f 425/286/91 437/285/91 438/843/91 429/661/91
f 429/659/120 438/844/120 436/265/120 423/264/120
f 424/247/121 455/159/121 456/793/121 428/660/121
f 428/663/136 456/794/136 454/287/136 425/286/136
f 430/272/137 458/271/137 459/798/137 432/832/137
f 432/833/99 459/799/99 457/325/99 431/220/99
f 440/290/138 461/292/138 462/809/138 441/846/138
f 441/847/139 462/847/139 460/847/139 439/847/139
f 443/847/140 464/847/140 465/847/140 444/847/140
f 444/848/141 465/814/141 463/190/141 442/389/141
f 446/388/138 467/189/138 468/818/138 447/849/138
f 447/847/139 468/847/139 466/847/139 445/847/139
f 448/311/124 470/310/124 471/822/124 450/835/124
f 450/850/87 471/126/87 469/279/87 449/278/87
f 452/847/142 473/847/142 474/847/142 453/847/142
f 453/851/143 474/824/143 472/386/143 451/385/143
f 257/161/100 476/160/100 477/834/100 260/546/100
f 260/517/101 477/756/101 475/155/101 258/32/101
f 412/35/88 479/307/88 480/755/88 414/826/88
f 414/827/128 480/756/128 478/155/128 413/250/128
f 164/224/104 482/223/104 483/825/104 168/514/104
f 168/510/87 483/799/87 481/325/87 162/326/87
f 155/309/100 485/308/100 486/829/100 158/499/100
f 158/504/101 486/830/101 484/45/101 156/44/101
f 296/335/144 201/337/144 202/852/144 299/567/144
f 299/853/145 202/854/145 200/353/145 297/352/145
f 191/333/146 284/332/146 286/564/146 193/855/146
f 193/856/147 286/561/147 283/351/147 192/354/147
f 209/340/148 310/339/148 312/576/148 211/857/148
f 211/858/95 312/573/95 309/200/95 210/203/95
f 327/342/149 219/343/149 220/859/149 330/581/149
f 330/860/150 220/861/150 218/202/150 328/201/150
f 152/346/93 265/345/93 266/862/93 154/863/93
f 154/758/92 266/795/92 264/49/92 153/52/92
f 451/385/151 419/387/151 422/387/151 453/864/151
f 453/865/152 422/115/152 418/115/152 452/114/152
f 227/362/153 341/361/153 343/589/153 229/866/153
f 229/867/154 343/586/154 340/344/154 228/347/154
f 244/144/79 133/147/79 134/749/79 246/789/79
f 246/788/78 134/748/78 132/133/78 245/132/78
f 423/264/155 416/267/155 417/868/155 426/658/155
f 426/660/148 417/828/148 415/55/148 424/54/148
f 135/47/83 248/381/83 249/792/83 137/751/83
f 137/750/82 249/791/82 247/53/82 136/37/82
f 517/369/101 487/368/101 493/666/101 521/706/101
f 521/702/100 493/670/100 489/409/100 515/408/100
f 488/398/95 495/397/95 497/678/95 492/667/95
f 492/672/94 497/673/94 494/410/94 489/409/94
f 495/397/107 509/396/107 511/696/107 499/676/107
f 499/681/91 511/691/91 508/414/91 496/413/91
f 509/396/93 502/399/93 504/687/93 513/694/93
f 513/699/92 504/682/92 501/402/92 510/401/92
f 502/399/97 488/398/97 490/669/97 506/685/97
f 506/690/96 490/664/96 487/368/96 503/367/96
f 496/413/89 523/412/89 525/714/89 500/679/89
f 500/675/88 525/709/88 522/411/88 494/410/88
f 510/401/86 530/400/86 532/723/86 514/697/86
f 514/693/87 532/718/87 529/415/87 508/414/87
f 503/367/99 537/366/99 539/732/99 507/688/99
f 507/684/98 539/727/98 536/403/98 501/402/98
f 537/366/80 517/369/80 520/708/80 541/730/80
f 541/735/81 520/703/81 516/405/81 538/404/81
f 530/400/78 536/403/78 542/729/78 534/721/78
f 534/726/79 542/733/79 538/404/79 531/407/79
f 523/412/84 529/415/84 535/720/84 527/712/84
f 527/717/103 535/724/103 531/407/103 524/406/103
f 515/408/82 522/411/82 528/711/82 518/700/82
f 518/705/83 528/715/83 524/406/83 516/405/83
f 52/416/4 129/20/4 120/19/4 67/438/4
o obj_Desk_cover
v -0.371715 0.652540 0.008155
v 0.371715 0.652540 0.008155
v -0.371715 0.652540 -1.601890
v 0.371715 0.652540 -1.601890
v -0.368186 0.653968 0.004452
v 0.368186 0.653968 0.004452
v -0.368186 0.653968 -1.598187
v 0.368186 0.653968 -1.598187
vn -0.0000 -1.0000 -0.0000
vn -0.0000 1.0000 -0.0000
vn 0.3753 0.9269 -0.0000
vn -0.3753 0.9269 -0.0000
vn -0.0000 0.9330 -0.3599
vn -0.0000 0.9330 0.3599
vt 0.000000 0.000000
vt 0.000000 1.000000
vt 1.000000 1.000000
vt 1.000000 0.000000
s 0
usemtl Material.007
f 543/869/156 545/870/156 546/871/156 544/872/156
f 547/869/157 548/872/157 550/871/157 549/870/157
f 544/872/158 546/871/158 550/871/158 548/872/158
f 545/870/159 543/869/159 547/869/159 549/870/159
f 546/871/160 545/870/160 549/870/160 550/871/160
f 543/869/161 544/872/161 548/872/161 547/869/161
o path_Desk_rolling-drawer
v 0.412168 0.650953 -1.364649
v 0.412168 0.611856 -1.364649
v 0.412168 0.576233 -1.364649
v 0.412168 0.543717 -1.364649
v 0.412168 0.513959 -1.364649
v 0.412168 0.486640 -1.364649
v 0.412168 0.461459 -1.364649
v 0.412168 0.438142 -1.364649
v 0.412168 0.416439 -1.364649
v 0.412168 0.396122 -1.364649
v 0.412168 0.376989 -1.364649
v 0.412168 0.358860 -1.364649
v 0.412168 0.341579 -1.364649
v 0.412168 0.325016 -1.364649
v 0.412168 0.309061 -1.364649
v 0.412168 0.293633 -1.364649
v 0.412168 0.278669 -1.364649
v 0.412168 0.264132 -1.364649
v 0.412168 0.249996 -1.364649
v 0.412168 0.236235 -1.364649
v 0.412168 0.222823 -1.364649
v 0.412168 0.209737 -1.364649
v 0.412168 0.196953 -1.364649
v 0.412168 0.184450 -1.364649
v 0.412168 0.172206 -1.364649
v 0.412168 0.160201 -1.364649
v 0.412168 0.148414 -1.364649
v 0.412168 0.136827 -1.364649
v 0.412168 0.125422 -1.364649
v 0.412168 0.114181 -1.364649
v 0.412168 0.103089 -1.364649
v 0.412168 0.092129 -1.364649
v 0.412168 0.081288 -1.364649
v 0.412168 0.070552 -1.364649
v 0.412168 0.059907 -1.364649
v 0.412168 0.049341 -1.364649
v 0.412168 0.038844 -1.364649
v 0.412168 0.028405 -1.364649
v 0.412168 0.018014 -1.364649
v 0.412168 0.007664 -1.364649
v 0.412168 -0.002655 -1.364649
v 0.412168 -0.012949 -1.364649
v 0.412168 -0.023224 -1.364649
v 0.412168 -0.033484 -1.364649
v 0.412168 -0.043736 -1.364649
v 0.412168 -0.053982 -1.364649
v 0.412168 -0.064225 -1.364649
v 0.412168 -0.074466 -1.364649
v 0.412168 -0.084707 -1.364649
v 0.412168 -0.094948 -1.364649
v 0.412168 -0.105188 -1.364649
v 0.412168 -0.115424 -1.364649
v 0.412168 -0.125654 -1.364649
v 0.412168 -0.135870 -1.364649
v 0.412168 -0.146069 -1.364649
v 0.412168 -0.156242 -1.364649
v 0.412168 -0.166381 -1.364649
v 0.412168 -0.176475 -1.364649
v 0.412168 -0.186513 -1.364649
v 0.412168 -0.196483 -1.364649
v 0.412168 -0.206371 -1.364649
v 0.412168 -0.216162 -1.364649
v 0.412168 -0.225839 -1.364649
v 0.412168 -0.235385 -1.364649
v 0.412168 -0.244781 -1.364649
v 0.412168 -0.254008 -1.364649
v 0.412168 -0.263046 -1.364649
v 0.412168 -0.271882 -1.364649
v 0.412168 -0.280502 -1.364649
v 0.412168 -0.288896 -1.364649
v 0.412168 -0.297057 -1.364649
v 0.412168 -0.304979 -1.364649
v 0.412168 -0.312660 -1.364649
v 0.412168 -0.320100 -1.364649
v 0.412168 -0.327301 -1.364649
v 0.412168 -0.334268 -1.364649
v 0.412168 -0.341010 -1.364649
v 0.412168 -0.347536 -1.364649
v 0.412168 -0.353859 -1.364649
v 0.412168 -0.359995 -1.364649
v 0.412168 -0.365961 -1.364649
v 0.412168 -0.371776 -1.364649
v 0.412167 -0.377459 -1.364649
v 0.412162 -0.383024 -1.364649
v 0.412151 -0.388483 -1.364649
v 0.412130 -0.393847 -1.364649
v 0.412094 -0.399122 -1.364649
v 0.412037 -0.404315 -1.364649
v 0.411952 -0.409426 -1.364649
v 0.411831 -0.414456 -1.364649
v 0.411667 -0.419401 -1.364649
v 0.411448 -0.424256 -1.364649
v 0.411164 -0.429014 -1.364649
v 0.410804 -0.433663 -1.364649
v 0.410354 -0.438191 -1.364649
v 0.409802 -0.442581 -1.364649
v 0.409132 -0.446817 -1.364649
v 0.408331 -0.450877 -1.364649
v 0.407383 -0.454745 -1.364649
v 0.406278 -0.458407 -1.364649
v 0.405004 -0.461849 -1.364649
v 0.403555 -0.465062 -1.364649
v 0.401921 -0.468040 -1.364649
v 0.400099 -0.470777 -1.364649
v 0.398083 -0.473271 -1.364649
v 0.395872 -0.475523 -1.364649
v 0.393466 -0.477537 -1.364649
v 0.390865 -0.479317 -1.364649
v 0.388072 -0.480872 -1.364649
v 0.385091 -0.482213 -1.364649
v 0.381928 -0.483353 -1.364649
v 0.378590 -0.484308 -1.364649
v 0.375087 -0.485097 -1.364649
v 0.371429 -0.485739 -1.364649
v 0.367623 -0.486253 -1.364649
v 0.363677 -0.486656 -1.364649
v 0.359598 -0.486965 -1.364649
v 0.355390 -0.487194 -1.364649
v 0.351056 -0.487357 -1.364649
v 0.346599 -0.487466 -1.364649
v 0.342019 -0.487532 -1.364649
v 0.337316 -0.487565 -1.364649
v 0.332488 -0.487573 -1.364649
v 0.327533 -0.487564 -1.364649
v 0.322446 -0.487543 -1.364649
v 0.317221 -0.487515 -1.364649
v 0.311851 -0.487483 -1.364649
v 0.306329 -0.487450 -1.364649
v 0.300645 -0.487415 -1.364649
v 0.294783 -0.487379 -1.364649
v 0.288722 -0.487342 -1.364649
v 0.282430 -0.487303 -1.364649
v 0.275865 -0.487263 -1.364649
v 0.268978 -0.487221 -1.364649
v 0.261709 -0.487176 -1.364649
v 0.253991 -0.487129 -1.364649
v 0.245746 -0.487079 -1.364649
v 0.236888 -0.487024 -1.364649
v 0.227322 -0.486966 -1.364649
v 0.216944 -0.486902 -1.364649
v 0.205639 -0.486833 -1.364649
v 0.193286 -0.486758 -1.364649
v 0.179753 -0.486675 -1.364649
v 0.164900 -0.486584 -1.364649
l 551 552
l 552 553
l 553 554
l 554 555
l 555 556
l 556 557
l 557 558
l 558 559
l 559 560
l 560 561
l 561 562
l 562 563
l 563 564
l 564 565
l 565 566
l 566 567
l 567 568
l 568 569
l 569 570
l 570 571
l 571 572
l 572 573
l 573 574
l 574 575
l 575 576
l 576 577
l 577 578
l 578 579
l 579 580
l 580 581
l 581 582
l 582 583
l 583 584
l 584 585
l 585 586
l 586 587
l 587 588
l 588 589
l 589 590
l 590 591
l 591 592
l 592 593
l 593 594
l 594 595
l 595 596
l 596 597
l 597 598
l 598 599
l 599 600
l 600 601
l 601 602
l 602 603
l 603 604
l 604 605
l 605 606
l 606 607
l 607 608
l 608 609
l 609 610
l 610 611
l 611 612
l 612 613
l 613 614
l 614 615
l 615 616
l 616 617
l 617 618
l 618 619
l 619 620
l 620 621
l 621 622
l 622 623
l 623 624
l 624 625
l 625 626
l 626 627
l 627 628
l 628 629
l 629 630
l 630 631
l 631 632
l 632 633
l 633 634
l 634 635
l 635 636
l 636 637
l 637 638
l 638 639
l 639 640
l 640 641
l 641 642
l 642 643
l 643 644
l 644 645
l 645 646
l 646 647
l 647 648
l 648 649
l 649 650
l 650 651
l 651 652
l 652 653
l 653 654
l 654 655
l 655 656
l 656 657
l 657 658
l 658 659
l 659 660
l 660 661
l 661 662
l 662 663
l 663 664
l 664 665
l 665 666
l 666 667
l 667 668
l 668 669
l 669 670
l 670 671
l 671 672
l 672 673
l 673 674
l 674 675
l 675 676
l 676 677
l 677 678
l 678 679
l 679 680
l 680 681
l 681 682
l 682 683
l 683 684
l 684 685
l 685 686
l 686 687
l 687 688
l 688 689
l 689 690
l 690 691
l 691 692
l 692 693
l 693 694
o obj_Desk_rolling-drawer
v -0.107433 -0.489312 -1.578220
v 0.416564 -0.248323 -1.578220
v -0.107379 -0.480521 -1.578220
v 0.407773 -0.248323 -1.578220
v 0.416564 -0.248323 -1.151078
v -0.107433 -0.489312 -1.151078
v 0.407773 -0.248323 -1.151078
v -0.107379 -0.480521 -1.151078
v 0.407773 -0.321987 -1.151078
v 0.407722 -0.395622 -1.151078
v 0.398239 -0.465620 -1.151078
v 0.334561 -0.483174 -1.151078
v 0.260933 -0.482776 -1.151078
v 0.187271 -0.482325 -1.151078
v 0.113608 -0.481874 -1.151078
v 0.039946 -0.481423 -1.151078
v -0.033716 -0.480971 -1.151078
v -0.033770 -0.489762 -1.151078
v 0.039892 -0.490214 -1.151078
v 0.113555 -0.490665 -1.151078
v 0.187217 -0.491116 -1.151078
v 0.260880 -0.491567 -1.151078
v 0.334578 -0.491965 -1.151078
v 0.405778 -0.470141 -1.151078
v 0.416513 -0.395680 -1.151078
v 0.416564 -0.321987 -1.151078
v -0.033716 -0.480971 -1.578220
v 0.039946 -0.481423 -1.578220
v 0.113608 -0.481874 -1.578220
v 0.187271 -0.482325 -1.578220
v 0.260934 -0.482776 -1.578220
v 0.334561 -0.483174 -1.578220
v 0.398239 -0.465620 -1.578220
v 0.407722 -0.395622 -1.578220
v 0.407773 -0.321987 -1.578220
v 0.416564 -0.321987 -1.578220
v 0.416513 -0.395680 -1.578220
v 0.405778 -0.470141 -1.578220
v 0.334578 -0.491965 -1.578220
v 0.260880 -0.491567 -1.578220
v 0.187217 -0.491116 -1.578220
v 0.113555 -0.490665 -1.578220
v 0.039892 -0.490214 -1.578220
v -0.033770 -0.489762 -1.578220
v 0.417899 -0.249838 -1.575965
v 0.417899 -0.320472 -1.575965
v 0.417899 -0.320472 -1.153333
v 0.417899 -0.249838 -1.153333
v 0.417838 -0.397209 -1.575965
v 0.407756 -0.469319 -1.575965
v 0.407756 -0.469319 -1.153333
v 0.417838 -0.397209 -1.153333
v 0.333057 -0.493303 -1.575965
v 0.262386 -0.492912 -1.575965
v 0.262386 -0.492912 -1.153333
v 0.333057 -0.493303 -1.153333
v 0.185694 -0.492442 -1.575965
v 0.115061 -0.492010 -1.575965
v 0.115061 -0.492010 -1.153333
v 0.185694 -0.492442 -1.153333
v 0.038369 -0.491540 -1.575965
v -0.032263 -0.491107 -1.575965
v -0.032263 -0.491107 -1.153333
v 0.038369 -0.491540 -1.153333
v -0.034167 -0.491078 -1.576222
v -0.107052 -0.490632 -1.576222
v -0.107052 -0.490632 -1.153076
v -0.034167 -0.491078 -1.153076
v 0.417882 -0.322375 -1.576222
v 0.417833 -0.395299 -1.576222
v 0.417833 -0.395299 -1.153076
v 0.417882 -0.322375 -1.153076
v 0.406677 -0.471199 -1.576222
v 0.334970 -0.493282 -1.576222
v 0.334970 -0.493282 -1.153076
v 0.406677 -0.471199 -1.153076
v 0.260483 -0.492882 -1.576222
v 0.187597 -0.492436 -1.576222
v 0.187597 -0.492436 -1.153076
v 0.260483 -0.492882 -1.153076
v 0.113158 -0.491980 -1.576222
v 0.040273 -0.491534 -1.576222
v 0.040273 -0.491534 -1.153076
v 0.113158 -0.491980 -1.153076
v 0.415688 -0.283300 -1.411545
v 0.415688 -0.279610 -1.411222
v 0.415688 -0.280690 -1.411450
v 0.415688 -0.287011 -1.411545
v 0.415688 -0.290701 -1.411222
v 0.415688 -0.289620 -1.411450
v 0.415688 -0.290701 -1.318076
v 0.415688 -0.287011 -1.317753
v 0.415688 -0.289620 -1.317847
v 0.415688 -0.283300 -1.317753
v 0.415688 -0.279610 -1.318076
v 0.415688 -0.280690 -1.317847
v 0.420147 -0.287011 -1.411545
v 0.420147 -0.290701 -1.411222
v 0.425370 -0.287011 -1.411222
v 0.420147 -0.289620 -1.411450
v 0.423162 -0.289141 -1.411408
v 0.423840 -0.289620 -1.411222
v 0.423840 -0.287011 -1.411450
v 0.420147 -0.283300 -1.411545
v 0.425370 -0.283300 -1.411222
v 0.420147 -0.279610 -1.411222
v 0.423840 -0.283300 -1.411450
v 0.423162 -0.281169 -1.411408
v 0.423840 -0.280690 -1.411222
v 0.420147 -0.280690 -1.411450
v 0.420147 -0.290701 -1.318076
v 0.420147 -0.287011 -1.317753
v 0.425370 -0.287011 -1.318076
v 0.420147 -0.289620 -1.317847
v 0.423162 -0.289141 -1.317889
v 0.423840 -0.287011 -1.317847
v 0.423840 -0.289620 -1.318076
v 0.420147 -0.283300 -1.317753
v 0.420147 -0.279610 -1.318076
v 0.425370 -0.283300 -1.318076
v 0.420147 -0.280690 -1.317847
v 0.423162 -0.281169 -1.317889
v 0.423840 -0.280690 -1.318076
v 0.423840 -0.283300 -1.317847
v 0.415688 -0.280690 -1.364649
v 0.415688 -0.290701 -1.364649
v 0.415688 -0.279610 -1.364649
v 0.425370 -0.287011 -1.364649
v 0.423840 -0.289620 -1.364649
v 0.420147 -0.290701 -1.364649
v 0.425370 -0.283300 -1.364649
v 0.423840 -0.280690 -1.364649
v 0.420147 -0.279610 -1.364649
v 0.415688 -0.289620 -1.364649
v 0.415688 -0.287011 -1.364649
v 0.415688 -0.283300 -1.364649
vn -0.0000 -0.0000 1.0000
vn -0.0000 -0.0000 -1.0000
vn -0.0000 -1.0000 -0.0000
vn 1.0000 -0.0061 -0.0000
vn -0.0061 -1.0000 -0.0000
vn 1.0000 -0.0000 -0.0000
vn 1.0000 -0.0007 -0.0000
vn 0.9909 -0.1343 -0.0000
vn 0.2658 -0.9640 -0.0000
vn -0.0054 -1.0000 -0.0000
vn -1.0000 -0.0000 -0.0000
vn -0.8604 -0.0000 0.5097
vn -0.7500 0.6614 -0.0000
vn -0.8604 -0.0000 -0.5097
vn -0.7501 -0.6614 -0.0000
vn -0.9904 0.1385 -0.0000
vn -0.7931 0.1126 0.5986
vn -0.3838 0.9234 -0.0000
vn -0.7931 0.1126 -0.5986
vn -0.7558 -0.6549 -0.0000
vn 0.0055 1.0000 -0.0000
vn 0.0047 0.8594 0.5113
vn 0.6659 0.7460 -0.0000
vn 0.0047 0.8594 -0.5113
vn -0.6607 0.7507 -0.0000
vn 0.0061 1.0000 -0.0000
vn 0.0053 0.8603 0.5097
vn 0.0053 0.8603 -0.5097
vn -0.6568 0.7541 -0.0000
vn 0.6661 0.7459 -0.0000
vn 0.0051 0.8347 0.5507
vn 0.9609 0.2770 -0.0000
vn 0.0051 0.8347 -0.5507
vn -0.9575 0.2885 -0.0000
vn -1.0000 0.0007 -0.0000
vn -0.8344 0.0006 0.5511
vn -0.2772 0.9608 -0.0000
vn -0.8344 0.0006 -0.5511
vn -0.2825 -0.9593 -0.0000
vn -0.2943 0.9557 -0.0000
vn -0.2448 0.7966 0.5527
vn 0.9583 0.2856 -0.0000
vn -0.2448 0.7966 -0.5527
vn -0.7620 -0.6475 -0.0000
vn 0.0051 0.8346 0.5508
vn 0.9610 0.2766 -0.0000
vn 0.0051 0.8346 -0.5508
vn -0.9575 0.2884 -0.0000
vn 0.9609 0.2768 -0.0000
vn -0.0000 1.0000 -0.0000
vn -0.0226 0.0320 0.9992
vn -0.0600 0.2321 0.9708
vn -0.1660 0.0860 0.9824
vn -0.0226 -0.0320 0.9992
vn -0.1659 -0.0860 0.9824
vn -0.0600 -0.2321 0.9708
vn -0.0600 0.2321 -0.9708
vn -0.0226 0.0320 -0.9992
vn -0.1659 0.0860 -0.9824
vn -0.0226 -0.0320 -0.9992
vn -0.0600 -0.2321 -0.9708
vn -0.1659 -0.0860 -0.9824
vn -0.1476 -0.0000 0.9890
vn -0.0256 -0.0000 0.9997
vn -0.8627 0.5058 -0.0000
vn -0.2808 0.9598 -0.0000
vn -0.1476 -0.0000 -0.9890
vn -0.0256 -0.0000 -0.9997
vn -0.8627 -0.5058 -0.0000
vn -0.2808 -0.9598 -0.0000
vn -0.0000 -0.0362 0.9993
vn -0.0000 -0.2067 0.9784
vn -0.0000 -0.0362 -0.9993
vn -0.0000 -0.2067 -0.9784
vn -0.0000 0.0362 -0.9993
vn -0.0000 0.2067 -0.9784
vn -0.0000 0.0362 0.9993
vn -0.0000 0.2067 0.9784
vt 0.182464 0.890055
vt 0.194017 0.890055
vt 0.090043 0.957043
vt 0.078491 0.957043
vt 0.194017 0.957043
vt 0.078491 0.890055
vt 0.090043 0.890055
vt 0.182464 0.957043
vt 0.170911 0.957043
vt 0.170911 0.890055
vt 0.159359 0.957043
vt 0.159359 0.890055
vt 0.147806 0.957043
vt 0.147806 0.890055
vt 0.136254 0.957043
vt 0.136254 0.890055
vt 0.124701 0.957043
vt 0.124701 0.890055
vt 0.113148 0.957043
vt 0.113148 0.890055
vt 0.101596 0.957043
vt 0.101596 0.890055
vt 0.193779 0.890409
vt 0.182702 0.890409
vt 0.182702 0.956690
vt 0.193779 0.956690
vt 0.170674 0.890409
vt 0.159596 0.890409
vt 0.159596 0.956690
vt 0.170674 0.956690
vt 0.147569 0.890409
vt 0.136491 0.890409
vt 0.136491 0.956690
vt 0.147569 0.956690
vt 0.124463 0.890409
vt 0.113386 0.890409
vt 0.113386 0.956690
vt 0.124463 0.956690
vt 0.101358 0.890409
vt 0.090281 0.890409
vt 0.090281 0.956690
vt 0.101358 0.956690
vt 0.089982 0.890369
vt 0.078552 0.890369
vt 0.078552 0.956730
vt 0.089982 0.956730
vt 0.182403 0.890369
vt 0.170972 0.890369
vt 0.170972 0.956730
vt 0.182403 0.956730
vt 0.159298 0.890369
vt 0.147867 0.890369
vt 0.147867 0.956730
vt 0.159298 0.956730
vt 0.136193 0.890369
vt 0.124762 0.890369
vt 0.124762 0.956730
vt 0.136193 0.956730
vt 0.113088 0.890369
vt 0.101657 0.890369
vt 0.101657 0.956730
vt 0.113088 0.956730
vt 0.158071 0.869516
vt 0.158071 0.766775
vt 0.133604 0.869516
vt 0.133604 0.972257
vt 0.141744 0.972969
vt 0.149931 0.972969
vt 0.149931 0.869516
vt 0.141744 0.869516
vt 0.141744 0.972257
vt 0.149931 0.972257
vt 0.155687 0.869516
vt 0.158071 0.972257
vt 0.155687 0.972760
vt 0.141744 0.766063
vt 0.135988 0.766272
vt 0.137044 0.766364
vt 0.141744 0.766272
vt 0.133604 0.766775
vt 0.135988 0.766775
vt 0.141744 0.766775
vt 0.149931 0.766063
vt 0.149931 0.766272
vt 0.154631 0.766364
vt 0.155687 0.766272
vt 0.149931 0.766775
vt 0.155687 0.766775
vt 0.135988 0.972760
vt 0.137044 0.972668
vt 0.135988 0.972257
vt 0.141744 0.972760
vt 0.154631 0.972668
vt 0.149931 0.972760
vt 0.155687 0.972257
vt 0.135988 0.869516
s 0
usemtl mat_Desk_parts
f 729/873/162 730/873/162 696/874/162 698/874/162
f 711/875/163 712/875/163 700/876/163 702/876/163
f 698/874/164 696/874/164 699/877/164 701/877/164
f 697/878/165 702/876/165 700/876/165 695/878/165
f 721/879/166 711/875/166 702/876/166 697/878/166
f 698/874/167 701/877/167 703/880/167 729/873/167
f 729/873/168 703/880/168 704/881/168 728/882/168
f 728/882/169 704/881/169 705/883/169 727/884/169
f 727/884/170 705/883/170 706/885/170 726/886/170
f 726/886/171 706/885/171 707/887/171 725/888/171
f 725/888/166 707/887/166 708/889/166 724/890/166
f 724/890/166 708/889/166 709/891/166 723/892/166
f 723/892/166 709/891/166 710/893/166 722/894/166
f 722/894/166 710/893/166 711/875/166 721/879/166
f 701/877/163 699/877/163 720/880/163 703/880/163
f 703/880/163 720/880/163 719/881/163 704/881/163
f 704/881/163 719/881/163 718/883/163 705/883/163
f 705/883/163 718/883/163 717/885/163 706/885/163
f 706/885/163 717/885/163 716/887/163 707/887/163
f 707/887/163 716/887/163 715/889/163 708/889/163
f 708/889/163 715/889/163 714/891/163 709/891/163
f 709/891/163 714/891/163 713/893/163 710/893/163
f 710/893/163 713/893/163 712/875/163 711/875/163
f 697/878/162 695/878/162 738/879/162 721/879/162
f 721/879/162 738/879/162 737/894/162 722/894/162
f 722/894/162 737/894/162 736/892/162 723/892/162
f 723/892/162 736/892/162 735/890/162 724/890/162
f 724/890/162 735/890/162 734/888/162 725/888/162
f 725/888/162 734/888/162 733/886/162 726/886/162
f 726/886/162 733/886/162 732/884/162 727/884/162
f 727/884/162 732/884/162 731/882/162 728/882/162
f 728/882/162 731/882/162 730/873/162 729/873/162
f 739/895/172 740/896/172 741/897/172 742/898/172
f 730/873/173 740/896/173 739/895/173 696/874/173
f 720/880/174 741/897/174 740/896/174 730/873/174
f 699/877/175 742/898/175 741/897/175 720/880/175
f 696/874/176 739/895/176 742/898/176 699/877/176
f 743/899/177 744/900/177 745/901/177 746/902/177
f 732/884/178 744/900/178 743/899/178 731/882/178
f 718/883/179 745/901/179 744/900/179 732/884/179
f 719/881/180 746/902/180 745/901/180 718/883/180
f 731/882/181 743/899/181 746/902/181 719/881/181
f 747/903/182 748/904/182 749/905/182 750/906/182
f 734/888/183 748/904/183 747/903/183 733/886/183
f 716/887/184 749/905/184 748/904/184 734/888/184
f 717/885/185 750/906/185 749/905/185 716/887/185
f 733/886/186 747/903/186 750/906/186 717/885/186
f 751/907/187 752/908/187 753/909/187 754/910/187
f 736/892/188 752/908/188 751/907/188 735/890/188
f 714/891/184 753/909/184 752/908/184 736/892/184
f 715/889/189 754/910/189 753/909/189 714/891/189
f 735/890/190 751/907/190 754/910/190 715/889/190
f 755/911/187 756/912/187 757/913/187 758/914/187
f 738/879/188 756/912/188 755/911/188 737/894/188
f 712/875/191 757/913/191 756/912/191 738/879/191
f 713/893/189 758/914/189 757/913/189 712/875/189
f 737/894/190 755/911/190 758/914/190 713/893/190
f 759/915/187 760/916/187 761/917/187 762/918/187
f 695/878/192 760/916/192 759/915/192 738/879/192
f 700/876/193 761/917/193 760/916/193 695/878/193
f 712/875/194 762/918/194 761/917/194 700/876/194
f 738/879/195 759/915/195 762/918/195 712/875/195
f 763/919/196 764/920/196 765/921/196 766/922/196
f 731/882/197 764/920/197 763/919/197 730/873/197
f 719/881/198 765/921/198 764/920/198 731/882/198
f 720/880/199 766/922/199 765/921/199 719/881/199
f 730/873/200 763/919/200 766/922/200 720/880/200
f 767/923/201 768/924/201 769/925/201 770/926/201
f 733/886/202 768/924/202 767/923/202 732/884/202
f 717/885/203 769/925/203 768/924/203 733/886/203
f 718/883/204 770/926/204 769/925/204 717/885/204
f 732/884/205 767/923/205 770/926/205 718/883/205
f 771/927/187 772/928/187 773/929/187 774/930/187
f 735/890/206 772/928/206 771/927/206 734/888/206
f 715/889/207 773/929/207 772/928/207 735/890/207
f 716/887/208 774/930/208 773/929/208 715/889/208
f 734/888/209 771/927/209 774/930/209 716/887/209
f 775/931/187 776/932/187 777/933/187 778/934/187
f 737/894/192 776/932/192 775/931/192 736/892/192
f 713/893/210 777/933/210 776/932/210 737/894/210
f 714/891/194 778/934/194 777/933/194 713/893/194
f 736/892/209 775/931/209 778/934/209 714/891/209
usemtl mat_Desk_main
f 821/935/164 780/936/164 800/936/164 827/935/164
f 820/937/211 785/938/211 805/938/211 824/937/211
f 786/939/163 788/940/163 812/940/163 806/939/163
f 825/941/172 822/942/172 807/943/172 814/944/172
f 819/945/167 821/935/167 789/946/167 790/947/167
f 791/948/212 794/949/212 795/950/212 797/951/212
f 792/952/213 796/953/213 795/950/213 794/949/213
f 793/954/214 797/951/214 795/950/214 796/953/214
f 798/955/215 801/956/215 802/957/215 804/958/215
f 799/959/216 803/960/216 802/957/216 801/956/216
f 800/936/217 804/958/217 802/957/217 803/960/217
f 805/938/218 808/961/218 809/962/218 811/963/218
f 806/939/219 810/964/219 809/962/219 808/961/219
f 807/943/220 811/963/220 809/962/220 810/964/220
f 812/940/221 815/947/221 816/965/221 818/966/221
f 813/946/222 817/967/222 816/965/222 815/947/222
f 814/944/223 818/966/223 816/965/223 817/967/223
f 793/954/224 799/959/224 801/956/224 797/951/224
f 797/951/225 801/956/225 798/955/225 791/948/225
f 822/942/226 793/954/226 796/953/226 823/968/226
f 823/968/227 796/953/227 792/952/227 824/937/227
f 814/944/228 807/943/228 810/964/228 818/966/228
f 818/966/229 810/964/229 806/939/229 812/940/229
f 825/941/230 814/944/230 817/967/230 826/945/230
f 826/945/231 817/967/231 813/946/231 827/935/231
f 779/955/232 798/955/232 804/958/232 781/958/232
f 781/958/233 804/958/233 800/936/233 780/936/233
f 812/940/234 788/940/234 790/947/234 815/947/234
f 815/947/235 790/947/235 789/946/235 813/946/235
f 786/939/236 806/939/236 808/961/236 787/961/236
f 787/961/237 808/961/237 805/938/237 785/938/237
f 791/948/238 782/948/238 784/949/238 794/949/238
f 794/949/239 784/949/239 783/952/239 792/952/239
f 779/955/162 782/948/162 791/948/162 798/955/162
f 820/937/167 828/968/167 787/961/167 785/938/167
f 829/942/167 828/968/167 784/949/167 782/948/167
f 830/941/167 829/942/167 782/948/167 779/955/167
f 819/945/167 830/941/167 779/955/167 781/958/167
f 790/947/167 788/940/167 830/941/167 819/945/167
f 788/940/167 786/939/167 829/942/167 830/941/167
f 786/939/167 787/961/167 828/968/167 829/942/167
f 783/952/167 784/949/167 828/968/167 820/937/167
f 803/960/231 826/945/231 827/935/231 800/936/231
f 799/959/230 825/941/230 826/945/230 803/960/230
f 811/963/227 823/968/227 824/937/227 805/938/227
f 807/943/226 822/942/226 823/968/226 811/963/226
f 781/958/167 780/936/167 821/935/167 819/945/167
f 799/959/172 793/954/172 822/942/172 825/941/172
f 783/952/211 820/937/211 824/937/211 792/952/211
f 789/946/164 821/935/164 827/935/164 813/946/164
o obj_Desk_rolling-drawer_shelves.002
v 0.402836 -0.163410 -1.576224
v 0.393063 -0.163410 -1.576224
v 0.402836 -0.163410 -1.569272
v 0.404194 -0.167805 -1.576954
v 0.402836 -0.172201 -1.576224
v 0.394387 -0.167805 -1.576954
v 0.404194 -0.167805 -1.569979
v 0.402836 -0.172201 -1.569272
v 0.404194 -0.167805 -1.159086
v 0.402836 -0.163410 -1.159792
v 0.402836 -0.172201 -1.159792
v 0.404194 -0.167805 -1.152110
v 0.402836 -0.172201 -1.152841
v 0.402836 -0.163410 -1.152841
v 0.394387 -0.167805 -1.152110
v 0.393063 -0.172201 -1.152841
v 0.393063 -0.163410 -1.152841
v -0.375804 -0.167805 -1.152110
v -0.374479 -0.172201 -1.152841
v -0.374479 -0.163410 -1.152841
v -0.385611 -0.167805 -1.152110
v -0.384253 -0.172201 -1.152841
v -0.384253 -0.163410 -1.152841
v -0.385611 -0.167805 -1.159086
v -0.384253 -0.172201 -1.159792
v -0.384253 -0.163410 -1.159793
v -0.385611 -0.167805 -1.569979
v -0.384253 -0.172201 -1.569272
v -0.384253 -0.163410 -1.569272
v -0.385611 -0.167805 -1.576954
v -0.384253 -0.163410 -1.576224
v -0.384253 -0.172201 -1.576224
v -0.375804 -0.167805 -1.576954
v -0.374479 -0.172201 -1.576224
v -0.374479 -0.163410 -1.576224
v -0.374479 -0.163410 -1.569272
v 0.393063 -0.163410 -1.569272
v -0.374479 -0.163410 -1.159793
v -0.366331 -0.165771 -1.564925
v 0.384914 -0.165771 -1.564925
v -0.366331 -0.165771 -1.164140
v 0.384914 -0.165771 -1.164140
v 0.393063 -0.163410 -1.159793
v 0.393063 -0.172201 -1.576224
v -0.374479 -0.172201 -1.569272
v 0.393063 -0.172201 -1.569272
v -0.374479 -0.172201 -1.159792
v -0.371547 -0.171513 -1.567708
v 0.390131 -0.171513 -1.567708
v -0.371547 -0.171513 -1.161357
v 0.390131 -0.171513 -1.161357
v 0.393063 -0.172201 -1.159792
vn -0.0000 -0.1639 0.9865
vn -0.0000 -1.0000 -0.0000
vn -0.9554 -0.2952 -0.0000
vn -0.9554 0.2952 -0.0000
vn -0.0000 0.1639 0.9865
vn -0.0000 0.1639 -0.9865
vn -0.0000 -0.1639 -0.9865
vn -0.0000 0.1640 -0.9865
vn -0.0000 -0.1640 -0.9865
vn 0.9554 0.2952 -0.0000
vn 0.9554 -0.2952 -0.0000
vn -0.0000 0.1640 0.9865
vn -0.0000 -0.1640 0.9865
vn -0.0000 -0.8787 -0.4774
vn -0.2784 -0.9605 -0.0000
vn -0.0000 -0.8787 0.4774
vn 0.2784 -0.9605 -0.0000
vn -0.0000 1.0000 -0.0000
vn -0.0000 0.9156 -0.4022
vn -0.2282 0.9736 -0.0000
vn -0.0000 0.9156 0.4022
vn 0.2282 0.9736 -0.0000
vt 0.107986 0.903817
vt 0.108066 0.903669
vt 0.108066 0.902605
vt 0.107986 0.902749
vt 0.108823 0.903669
vt 0.108823 0.902605
vt 0.108746 0.903817
vt 0.582644 0.750000
vt 0.582644 0.745895
vt 0.585201 0.746312
vt 0.585201 0.749569
vt 0.585201 0.752684
vt 0.582644 0.753104
vt 0.153475 0.903817
vt 0.153398 0.903669
vt 0.582644 0.504105
vt 0.585201 0.503688
vt 0.154234 0.903817
vt 0.154154 0.903669
vt 0.582644 0.500000
vt 0.585201 0.500431
vt 0.585201 0.497316
vt 0.582644 0.496896
vt 0.154154 0.902605
vt 0.154234 0.902749
vt 0.585201 0.252684
vt 0.582644 0.253104
vt 0.154154 0.819052
vt 0.154234 0.818908
vt 0.585201 0.249569
vt 0.582644 0.250000
vt 0.154154 0.817988
vt 0.154234 0.817840
vt 0.582644 0.262314
vt 0.585201 0.261063
vt 0.153475 0.817840
vt 0.153398 0.817988
vt 0.582644 0.987686
vt 0.585201 0.988937
vt 0.108746 0.817840
vt 0.108823 0.817988
vt 0.582644 1.000000
vt 0.585201 1.000431
vt 0.107986 0.817840
vt 0.108066 0.817988
vt 0.107986 0.818908
vt 0.108066 0.819052
vt 0.582644 0.996896
vt 0.585201 0.997316
vt 0.108823 0.819052
vt 0.153398 0.819052
vt 0.109296 0.901718
vt 0.109296 0.819939
vt 0.152924 0.819939
vt 0.152925 0.901718
vt 0.153398 0.902605
vt 0.582644 0.984683
vt 0.582644 0.748897
vt 0.582644 0.265317
vt 0.582644 0.501103
s 0
usemtl mat_Desk_parts
f 834/969/240 831/970/240 832/971/240 836/972/240
f 832/971/241 831/970/241 833/973/241 867/974/241
f 834/969/242 837/975/242 833/973/242 831/970/242
f 835/976/243 838/977/243 837/978/243 834/979/243
f 835/976/244 834/979/244 836/980/244 874/981/244
f 837/975/242 839/982/242 840/983/242 833/973/242
f 838/977/243 841/984/243 839/985/243 837/978/243
f 839/982/242 842/986/242 844/987/242 840/983/242
f 841/984/243 843/988/243 842/989/243 839/985/243
f 845/990/245 842/989/245 843/988/245 846/991/245
f 847/992/246 844/987/246 842/986/246 845/993/246
f 848/994/247 845/990/247 846/991/247 849/995/247
f 850/996/248 847/992/248 845/993/248 848/997/248
f 851/998/245 848/994/245 849/995/245 852/999/245
f 853/1000/246 850/996/246 848/997/246 851/1001/246
f 855/1002/249 854/1003/249 851/998/249 852/999/249
f 854/1004/250 856/1005/250 853/1000/250 851/1001/250
f 858/1006/249 857/1007/249 854/1003/249 855/1002/249
f 857/1008/250 859/1009/250 856/1005/250 854/1004/250
f 862/1010/249 860/1011/249 857/1007/249 858/1006/249
f 860/1012/250 861/1013/250 859/1009/250 857/1008/250
f 863/1014/240 865/1015/240 861/1013/240 860/1012/240
f 864/1016/244 863/1017/244 860/1011/244 862/1010/244
f 874/981/251 836/980/251 863/1017/251 864/1016/251
f 836/972/252 832/971/252 865/1015/252 863/1014/252
f 861/1013/241 865/1015/241 866/1018/241 859/1009/241
f 865/1015/241 832/971/241 867/974/241 866/1018/241
f 859/1009/241 866/1018/241 868/1019/241 856/1005/241
f 866/1018/253 867/974/253 870/1020/253 869/1021/253
f 868/1019/254 866/1018/254 869/1021/254 871/1022/254
f 869/1021/241 870/1020/241 872/1023/241 871/1022/241
f 873/1024/255 868/1019/255 871/1022/255 872/1023/255
f 867/974/256 873/1024/256 872/1023/256 870/1020/256
f 867/974/241 833/973/241 840/983/241 873/1024/241
f 873/1024/241 840/983/241 844/987/241 847/992/241
f 868/1019/241 873/1024/241 847/992/241 850/996/241
f 856/1005/241 868/1019/241 850/996/241 853/1000/241
f 862/1010/257 858/1006/257 875/1025/257 864/1016/257
f 864/1016/257 875/1025/257 876/1026/257 874/981/257
f 858/1006/257 855/1002/257 877/1027/257 875/1025/257
f 876/1026/258 875/1025/258 878/1025/258 879/1026/258
f 875/1025/259 877/1027/259 880/1027/259 878/1025/259
f 878/1025/257 880/1027/257 881/1028/257 879/1026/257
f 877/1027/260 882/1028/260 881/1028/260 880/1027/260
f 882/1028/261 876/1026/261 879/1026/261 881/1028/261
f 876/1026/257 882/1028/257 841/984/257 838/977/257
f 882/1028/257 846/991/257 843/988/257 841/984/257
f 877/1027/257 849/995/257 846/991/257 882/1028/257
f 855/1002/257 852/999/257 849/995/257 877/1027/257
f 874/981/257 876/1026/257 838/977/257 835/976/257
o obj_Desk_rolling-drawer_shelves.003
v 0.402836 -0.295271 -1.576224
v 0.393063 -0.295271 -1.576224
v 0.402836 -0.295271 -1.569272
v 0.404194 -0.299667 -1.576954
v 0.402836 -0.304062 -1.576224
v 0.394387 -0.299667 -1.576954
v 0.404194 -0.299667 -1.569979
v 0.402836 -0.304062 -1.569272
v 0.404194 -0.299667 -1.159086
v 0.402836 -0.295271 -1.159792
v 0.402836 -0.304062 -1.159792
v 0.404194 -0.299667 -1.152110
v 0.402836 -0.304062 -1.152841
v 0.402836 -0.295271 -1.152841
v 0.394387 -0.299667 -1.152110
v 0.393063 -0.304062 -1.152841
v 0.393063 -0.295271 -1.152841
v -0.375804 -0.299667 -1.152110
v -0.374479 -0.304062 -1.152841
v -0.374479 -0.295271 -1.152841
v -0.385611 -0.299667 -1.152110
v -0.384253 -0.304062 -1.152841
v -0.384253 -0.295271 -1.152841
v -0.385611 -0.299667 -1.159086
v -0.384253 -0.304062 -1.159792
v -0.384253 -0.295271 -1.159793
v -0.385611 -0.299667 -1.569979
v -0.384253 -0.304062 -1.569272
v -0.384253 -0.295271 -1.569272
v -0.385611 -0.299667 -1.576954
v -0.384253 -0.295271 -1.576224
v -0.384253 -0.304062 -1.576224
v -0.375804 -0.299667 -1.576954
v -0.374479 -0.304062 -1.576224
v -0.374479 -0.295271 -1.576224
v -0.374479 -0.295271 -1.569272
v 0.393063 -0.295271 -1.569272
v -0.374479 -0.295271 -1.159793
v -0.366331 -0.297633 -1.564925
v 0.384914 -0.297633 -1.564925
v -0.366331 -0.297633 -1.164140
v 0.384914 -0.297633 -1.164140
v 0.393063 -0.295271 -1.159793
v 0.393063 -0.304062 -1.576224
v -0.374479 -0.304062 -1.569272
v 0.393063 -0.304062 -1.569272
v -0.374479 -0.304062 -1.159792
v -0.371547 -0.303375 -1.567708
v 0.390131 -0.303375 -1.567708
v -0.371547 -0.303375 -1.161357
v 0.390131 -0.303375 -1.161357
v 0.393063 -0.304062 -1.159792
vn -0.0000 -0.1639 0.9865
vn -0.0000 -1.0000 -0.0000
vn -0.9554 -0.2952 -0.0000
vn -0.9554 0.2952 -0.0000
vn -0.0000 0.1639 0.9865
vn -0.0000 0.1640 -0.9865
vn -0.0000 -0.1639 -0.9865
vn -0.0000 -0.1640 -0.9865
vn 0.9554 0.2952 -0.0000
vn 0.9554 -0.2952 -0.0000
vn -0.0000 0.1640 0.9865
vn -0.0000 -0.1640 0.9865
vn -0.0000 -0.8787 -0.4774
vn -0.2784 -0.9605 -0.0000
vn -0.0000 -0.8787 0.4774
vn 0.2784 -0.9605 -0.0000
vn -0.0000 1.0000 -0.0000
vn -0.0000 0.9156 -0.4022
vn -0.2281 0.9736 -0.0000
vn -0.0000 0.9156 0.4021
vn 0.2281 0.9736 -0.0000
vt 0.159089 0.818795
vt 0.159051 0.818866
vt 0.159051 0.819381
vt 0.159089 0.819311
vt 0.158685 0.818866
vt 0.158685 0.819381
vt 0.158722 0.818795
vt 0.582644 0.750000
vt 0.582644 0.745895
vt 0.585201 0.746312
vt 0.585201 0.749569
vt 0.585201 0.752684
vt 0.582644 0.753104
vt 0.137094 0.818795
vt 0.137131 0.818866
vt 0.582644 0.504105
vt 0.585201 0.503688
vt 0.136726 0.818795
vt 0.136765 0.818866
vt 0.582644 0.500000
vt 0.585201 0.500431
vt 0.585201 0.497316
vt 0.582644 0.496896
vt 0.136765 0.819381
vt 0.136726 0.819311
vt 0.585201 0.252684
vt 0.582644 0.253104
vt 0.136765 0.859782
vt 0.136726 0.859852
vt 0.585201 0.249569
vt 0.582644 0.250000
vt 0.136765 0.860297
vt 0.136726 0.860368
vt 0.582644 0.262314
vt 0.585201 0.261063
vt 0.137094 0.860368
vt 0.137131 0.860297
vt 0.582644 0.987686
vt 0.585201 0.988937
vt 0.158722 0.860368
vt 0.158685 0.860297
vt 0.582644 1.000000
vt 0.585201 1.000431
vt 0.159089 0.860368
vt 0.159051 0.860297
vt 0.159089 0.859852
vt 0.159051 0.859782
vt 0.582644 0.996896
vt 0.585201 0.997316
vt 0.158685 0.859782
vt 0.137131 0.859782
vt 0.158456 0.819810
vt 0.158456 0.859354
vt 0.137360 0.859354
vt 0.137360 0.819810
vt 0.137131 0.819381
vt 0.582644 0.984683
vt 0.582644 0.748897
vt 0.582644 0.265317
vt 0.582644 0.501103
s 0
usemtl mat_Desk_parts
f 886/1029/262 883/1030/262 884/1031/262 888/1032/262
f 884/1031/263 883/1030/263 885/1033/263 919/1034/263
f 886/1029/264 889/1035/264 885/1033/264 883/1030/264
f 887/1036/265 890/1037/265 889/1038/265 886/1039/265
f 887/1036/266 886/1039/266 888/1040/266 926/1041/266
f 889/1035/264 891/1042/264 892/1043/264 885/1033/264
f 890/1037/265 893/1044/265 891/1045/265 889/1038/265
f 891/1042/264 894/1046/264 896/1047/264 892/1043/264
f 893/1044/265 895/1048/265 894/1049/265 891/1045/265
f 897/1050/267 894/1049/267 895/1048/267 898/1051/267
f 899/1052/268 896/1047/268 894/1046/268 897/1053/268
f 900/1054/267 897/1050/267 898/1051/267 901/1055/267
f 902/1056/269 899/1052/269 897/1053/269 900/1057/269
f 903/1058/267 900/1054/267 901/1055/267 904/1059/267
f 905/1060/268 902/1056/268 900/1057/268 903/1061/268
f 907/1062/270 906/1063/270 903/1058/270 904/1059/270
f 906/1064/271 908/1065/271 905/1060/271 903/1061/271
f 910/1066/270 909/1067/270 906/1063/270 907/1062/270
f 909/1068/271 911/1069/271 908/1065/271 906/1064/271
f 914/1070/270 912/1071/270 909/1067/270 910/1066/270
f 912/1072/271 913/1073/271 911/1069/271 909/1068/271
f 915/1074/262 917/1075/262 913/1073/262 912/1072/262
f 916/1076/266 915/1077/266 912/1071/266 914/1070/266
f 926/1041/272 888/1040/272 915/1077/272 916/1076/272
f 888/1032/273 884/1031/273 917/1075/273 915/1074/273
f 913/1073/263 917/1075/263 918/1078/263 911/1069/263
f 917/1075/263 884/1031/263 919/1034/263 918/1078/263
f 911/1069/263 918/1078/263 920/1079/263 908/1065/263
f 918/1078/274 919/1034/274 922/1080/274 921/1081/274
f 920/1079/275 918/1078/275 921/1081/275 923/1082/275
f 921/1081/263 922/1080/263 924/1083/263 923/1082/263
f 925/1084/276 920/1079/276 923/1082/276 924/1083/276
f 919/1034/277 925/1084/277 924/1083/277 922/1080/277
f 919/1034/263 885/1033/263 892/1043/263 925/1084/263
f 925/1084/263 892/1043/263 896/1047/263 899/1052/263
f 920/1079/263 925/1084/263 899/1052/263 902/1056/263
f 908/1065/263 920/1079/263 902/1056/263 905/1060/263
f 914/1070/278 910/1066/278 927/1085/278 916/1076/278
f 916/1076/278 927/1085/278 928/1086/278 926/1041/278
f 910/1066/278 907/1062/278 929/1087/278 927/1085/278
f 928/1086/279 927/1085/279 930/1085/279 931/1086/279
f 927/1085/280 929/1087/280 932/1087/280 930/1085/280
f 930/1085/278 932/1087/278 933/1088/278 931/1086/278
f 929/1087/281 934/1088/281 933/1088/281 932/1087/281
f 934/1088/282 928/1086/282 931/1086/282 933/1088/282
f 928/1086/278 934/1088/278 893/1044/278 890/1037/278
f 934/1088/278 898/1051/278 895/1048/278 893/1044/278
f 929/1087/278 901/1055/278 898/1051/278 934/1088/278
f 907/1062/278 904/1059/278 901/1055/278 929/1087/278
f 926/1041/278 928/1086/278 890/1037/278 887/1036/278
o obj_Desk_rolling-drawer_shelves.004
v 0.402836 -0.427133 -1.576224
v 0.393063 -0.427133 -1.576224
v 0.402836 -0.427133 -1.569272
v 0.404194 -0.431528 -1.576954
v 0.402836 -0.435924 -1.576224
v 0.394387 -0.431528 -1.576954
v 0.404194 -0.431528 -1.569979
v 0.402836 -0.435924 -1.569272
v 0.404194 -0.431528 -1.159086
v 0.402836 -0.427133 -1.159793
v 0.402836 -0.435924 -1.159793
v 0.404194 -0.431528 -1.152110
v 0.402836 -0.435924 -1.152841
v 0.402836 -0.427133 -1.152841
v 0.394387 -0.431528 -1.152110
v 0.393063 -0.435924 -1.152841
v 0.393063 -0.427133 -1.152841
v -0.375804 -0.431528 -1.152110
v -0.374479 -0.435924 -1.152841
v -0.374479 -0.427133 -1.152841
v -0.385611 -0.431528 -1.152110
v -0.384253 -0.435924 -1.152841
v -0.384253 -0.427133 -1.152841
v -0.385611 -0.431528 -1.159086
v -0.384253 -0.435924 -1.159793
v -0.384253 -0.427133 -1.159793
v -0.385611 -0.431528 -1.569979
v -0.384253 -0.435924 -1.569272
v -0.384253 -0.427133 -1.569272
v -0.385611 -0.431528 -1.576954
v -0.384253 -0.427133 -1.576224
v -0.384253 -0.435924 -1.576224
v -0.375804 -0.431528 -1.576954
v -0.374479 -0.435924 -1.576224
v -0.374479 -0.427133 -1.576224
v -0.374479 -0.427133 -1.569272
v 0.393063 -0.427133 -1.569272
v -0.374479 -0.427133 -1.159793
v -0.366331 -0.429495 -1.564925
v 0.384914 -0.429495 -1.564925
v -0.366331 -0.429495 -1.164140
v 0.384914 -0.429495 -1.164140
v 0.393063 -0.427133 -1.159793
v 0.393063 -0.435924 -1.576224
v -0.374479 -0.435924 -1.569272
v 0.393063 -0.435924 -1.569272
v -0.374479 -0.435924 -1.159793
v -0.371547 -0.435237 -1.567708
v 0.390131 -0.435237 -1.567708
v -0.371547 -0.435237 -1.161357
v 0.390131 -0.435237 -1.161357
v 0.393063 -0.435924 -1.159793
vn -0.0000 -0.1639 0.9865
vn -0.0000 -1.0000 -0.0000
vn -0.9554 -0.2952 -0.0000
vn -0.9554 0.2952 -0.0000
vn -0.0000 0.1639 0.9865
vn -0.0000 0.1640 -0.9865
vn -0.0000 -0.1639 -0.9865
vn -0.0000 -0.1640 -0.9865
vn 0.9554 0.2952 -0.0000
vn 0.9554 -0.2952 -0.0000
vn -0.0000 0.1640 0.9865
vn -0.0000 -0.1640 0.9865
vn -0.0000 -0.8787 -0.4774
vn -0.2784 -0.9605 -0.0000
vn -0.0000 -0.8787 0.4774
vn 0.2784 -0.9605 -0.0000
vn -0.0000 1.0000 -0.0000
vn -0.0000 0.9156 -0.4022
vn -0.2282 0.9736 -0.0000
vn -0.0000 0.9156 0.4021
vn 0.2282 0.9736 -0.0000
vt 0.173413 0.825121
vt 0.173334 0.825269
vt 0.173334 0.826330
vt 0.173413 0.826186
vt 0.172579 0.825269
vt 0.172579 0.826330
vt 0.172656 0.825121
vt 0.582644 0.750000
vt 0.582644 0.745895
vt 0.585201 0.746312
vt 0.585201 0.749569
vt 0.585201 0.752684
vt 0.582644 0.753104
vt 0.128018 0.825121
vt 0.128095 0.825269
vt 0.582644 0.504105
vt 0.585201 0.503688
vt 0.127260 0.825121
vt 0.127340 0.825269
vt 0.582644 0.500000
vt 0.585201 0.500431
vt 0.585201 0.497316
vt 0.582644 0.496896
vt 0.127340 0.826330
vt 0.127260 0.826186
vt 0.585201 0.252684
vt 0.582644 0.253104
vt 0.127340 0.909712
vt 0.127260 0.909856
vt 0.585201 0.249569
vt 0.582644 0.250000
vt 0.127340 0.910774
vt 0.127260 0.910922
vt 0.582644 0.262314
vt 0.585201 0.261063
vt 0.128018 0.910922
vt 0.128095 0.910774
vt 0.582644 0.987686
vt 0.585201 0.988937
vt 0.172656 0.910922
vt 0.172579 0.910774
vt 0.582644 1.000000
vt 0.585201 1.000431
vt 0.173413 0.910922
vt 0.173334 0.910774
vt 0.173413 0.909856
vt 0.173334 0.909712
vt 0.582644 0.996896
vt 0.585201 0.997316
vt 0.172579 0.909712
vt 0.128095 0.909712
vt 0.172107 0.827216
vt 0.172107 0.908827
vt 0.128567 0.908827
vt 0.128567 0.827216
vt 0.128095 0.826330
vt 0.582644 0.984683
vt 0.582644 0.748897
vt 0.582644 0.265317
vt 0.582644 0.501103
s 0
usemtl mat_Desk_parts
f 938/1089/283 935/1090/283 936/1091/283 940/1092/283
f 936/1091/284 935/1090/284 937/1093/284 971/1094/284
f 938/1089/285 941/1095/285 937/1093/285 935/1090/285
f 939/1096/286 942/1097/286 941/1098/286 938/1099/286
f 939/1096/287 938/1099/287 940/1100/287 978/1101/287
f 941/1095/285 943/1102/285 944/1103/285 937/1093/285
f 942/1097/286 945/1104/286 943/1105/286 941/1098/286
f 943/1102/285 946/1106/285 948/1107/285 944/1103/285
f 945/1104/286 947/1108/286 946/1109/286 943/1105/286
f 949/1110/288 946/1109/288 947/1108/288 950/1111/288
f 951/1112/289 948/1107/289 946/1106/289 949/1113/289
f 952/1114/288 949/1110/288 950/1111/288 953/1115/288
f 954/1116/290 951/1112/290 949/1113/290 952/1117/290
f 955/1118/288 952/1114/288 953/1115/288 956/1119/288
f 957/1120/289 954/1116/289 952/1117/289 955/1121/289
f 959/1122/291 958/1123/291 955/1118/291 956/1119/291
f 958/1124/292 960/1125/292 957/1120/292 955/1121/292
f 962/1126/291 961/1127/291 958/1123/291 959/1122/291
f 961/1128/292 963/1129/292 960/1125/292 958/1124/292
f 966/1130/291 964/1131/291 961/1127/291 962/1126/291
f 964/1132/292 965/1133/292 963/1129/292 961/1128/292
f 967/1134/283 969/1135/283 965/1133/283 964/1132/283
f 968/1136/287 967/1137/287 964/1131/287 966/1130/287
f 978/1101/293 940/1100/293 967/1137/293 968/1136/293
f 940/1092/294 936/1091/294 969/1135/294 967/1134/294
f 965/1133/284 969/1135/284 970/1138/284 963/1129/284
f 969/1135/284 936/1091/284 971/1094/284 970/1138/284
f 963/1129/284 970/1138/284 972/1139/284 960/1125/284
f 970/1138/295 971/1094/295 974/1140/295 973/1141/295
f 972/1139/296 970/1138/296 973/1141/296 975/1142/296
f 973/1141/284 974/1140/284 976/1143/284 975/1142/284
f 977/1144/297 972/1139/297 975/1142/297 976/1143/297
f 971/1094/298 977/1144/298 976/1143/298 974/1140/298
f 971/1094/284 937/1093/284 944/1103/284 977/1144/284
f 977/1144/284 944/1103/284 948/1107/284 951/1112/284
f 972/1139/284 977/1144/284 951/1112/284 954/1116/284
f 960/1125/284 972/1139/284 954/1116/284 957/1120/284
f 966/1130/299 962/1126/299 979/1145/299 968/1136/299
f 968/1136/299 979/1145/299 980/1146/299 978/1101/299
f 962/1126/299 959/1122/299 981/1147/299 979/1145/299
f 980/1146/300 979/1145/300 982/1145/300 983/1146/300
f 979/1145/301 981/1147/301 984/1147/301 982/1145/301
f 982/1145/299 984/1147/299 985/1148/299 983/1146/299
f 981/1147/302 986/1148/302 985/1148/302 984/1147/302
f 986/1148/303 980/1146/303 983/1146/303 985/1148/303
f 980/1146/299 986/1148/299 945/1104/299 942/1097/299
f 986/1148/299 950/1111/299 947/1108/299 945/1104/299
f 981/1147/299 953/1115/299 950/1111/299 986/1148/299
f 959/1122/299 956/1119/299 953/1115/299 981/1147/299
f 978/1101/299 980/1146/299 942/1097/299 939/1096/299
